"Segment Name","Size (MB)","Segment Type","Number of Rows"
"IDL_UB1$","55.0","TABLE","14,635"
"SOURCE$","45.0","TABLE","231,944"
"IDL_UB2$","22.0","TABLE","8,891"
"C_TOID_VERSION#","13.0","CLUSTER","-"
"ARGUMENT$","9.0","TABLE","100,961"
"SYS_LOB0000001051C00003$$","9.0","LOBSEGMENT","-"
"IDL_CHAR$","8.0","TABLE","4,218"
"C_OBJ#","8.0","CLUSTER","-"
"I_ARGUMENT1","7.0","INDEX","-"
"VIEW$","6.0","TABLE","4,088"
"I_SOURCE1","5.0","INDEX","-"
"I_ARGUMENT2","5.0","INDEX","-"
"I_COL1","4.0","INDEX","-"
"C_OBJ#_INTCOL#","4.0","CLUSTER","-"
"IDL_SB4$","3.0","TABLE","12,257"
"KOTAD$","3.0","TABLE","-"
"DEPENDENCY$","3.0","TABLE","45,825"
"C_FILE#_BLOCK#","2.0","CLUSTER","-"
"I_DEPENDENCY2","2.0","INDEX","-"
"I_DEPENDENCY1","2.0","INDEX","-"
"HIST_HEAD$","2.0","TABLE","24,220"
"SETTINGS$","2.0","TABLE","36,784"
"I_ACCESS1","2.0","INDEX","-"
"OBJ$","2.0","TABLE","19,605"
"ACCESS$","2.0","TABLE","34,675"
"I_OBJ5","2.0","INDEX","-"
"I_COL3","2.0","INDEX","-"
"I_OBJ2","2.0","INDEX","-"
"I_COL2","2.0","INDEX","-"
"I_PROCEDUREINFO1","2.0","INDEX","-"
"COM$","1.0","TABLE","15,387"
"NATIVE_COMP_SHARED_OBJECTS","1.0","LOBSEGMENT","-"
"I_H_OBJ#_COL#","0.9","INDEX","-"
"SYS_LOB0000000520C00002$$","0.9","LOBSEGMENT","-"
"C_COBJ#","0.9","CLUSTER","-"
"I_SETTINGS1","0.8","INDEX","-"
"PROCEDUREINFO$","0.8","TABLE","18,166"
"I_HH_OBJ#_COL#","0.8","INDEX","-"
"I_OBJ4","0.8","INDEX","-"
"I_HH_OBJ#_INTCOL#","0.8","INDEX","-"
"KOTTD$","0.7","TABLE","-"
"METASCRIPTFILTER$","0.7","TABLE","6,367"
"TRIGGER$","0.6","TABLE","511"
"KOTTB$","0.6","TABLE","-"
"I_COM1","0.5","INDEX","-"
"SYS_C00642","0.5","INDEX","-"
"I_IDL_UB11","0.5","INDEX","-"
"I_OBJ1","0.5","INDEX","-"
"I_METASCRIPTFILTER1$","0.4","INDEX","-"
"I_METASCRIPTFILTER2$","0.4","INDEX","-"
"I_PARAMETER2","0.4","INDEX","-"
"I_ATTRIBUTE1","0.4","INDEX","-"
"I_PARAMETER1","0.4","INDEX","-"
"KOTMD$","0.4","TABLE","-"
"I_CON1","0.4","INDEX","-"
"SYSTEM","0.4","ROLLBACK","-"
"I_ATTRIBUTE2","0.4","INDEX","-"
"I_IDL_SB41","0.4","INDEX","-"
"PARAMIND","0.4","INDEX","-"
"I_METAFILTER$","0.3","INDEX","-"
"I_FILE#_BLOCK#","0.3","INDEX","-"
"METAFILTER$","0.3","TABLE","3,588"
"I_IDL_UB21","0.3","INDEX","-"
"I_OBJAUTH1","0.3","INDEX","-"
"METANAMETRANS$","0.3","TABLE","2,742"
"MON_MODS_ALL$","0.3","TABLE","76"
"PROCEDUREPLSQL$","0.3","TABLE","11,420"
"I_METANAMETRANS1$","0.3","INDEX","-"
"I_METANAMETRANS2$","0.3","INDEX","-"
"I_PROCEDUREPLSQL$","0.3","INDEX","-"
"PK_COL_GROUP_USAGE$","0.3","INDEX","-"
"I_OBJAUTH2","0.3","INDEX","-"
"I_SYN2","0.3","INDEX","-"
"I_CDEF4","0.3","INDEX","-"
"KOTTBX$","0.3","TABLE","-"
"MON_MODS$","0.3","TABLE","0"
"COL_USAGE$","0.3","TABLE","1,584"
"CON$","0.3","TABLE","6,961"
"I_TRIGGERCOL1","0.2","INDEX","-"
"I_TRIGGERCOL2","0.2","INDEX","-"
"I_WARNING_SETTINGS","0.2","INDEX","-"
"SYN$","0.2","TABLE","4,054"
"I_OBJ#","0.2","INDEX","-"
"I_IDL_CHAR1","0.2","INDEX","-"
"I_CCOL2","0.2","INDEX","-"
"I_CDEF2","0.2","INDEX","-"
"OBJAUTH$","0.2","TABLE","6,633"
"I_METHOD1","0.2","INDEX","-"
"PROCEDURE$","0.2","TABLE","2,726"
"I_CCOL1","0.2","INDEX","-"
"METAXSLPARAM$","0.1","TABLE","1,020"
"AQ$_SCHEDULES","0.1","TABLE","0"
"I_METASCRIPT1$","0.1","INDEX","-"
"METASTYLESHEET","0.1","TABLE","179"
"I_METAXSLPARAM$","0.1","INDEX","-"
"I_TOID_VERSION#","0.1","INDEX","-"
"WARNING_SETTINGS$","0.1","TABLE","4,618"
"AQ$_SCHEDULES_PRIMARY","0.1","INDEX","-"
"OID$","0.1","TABLE","2,031"
"I_CON2","0.1","INDEX","-"
"I_IND1","0.1","INDEX","-"
"I_OBJ3","0.1","INDEX","-"
"I_OID1","0.1","INDEX","-"
"I_SYN1","0.1","INDEX","-"
"I_CDEF1","0.1","INDEX","-"
"I_ICOL1","0.1","INDEX","-"
"I_TYPE1","0.1","INDEX","-"
"I_TYPE2","0.1","INDEX","-"
"I_TYPE5","0.1","INDEX","-"
"I_VIEW1","0.1","INDEX","-"
"VTABLE$","0.1","TABLE","1,518"
"I_RESULT1","0.1","INDEX","-"
"RESULTIND","0.1","INDEX","-"
"I_COLTYPE1","0.1","INDEX","-"
"I_COLTYPE2","0.1","INDEX","-"
"SYS_C00640","0.1","INDEX","-"
"SYS_C00641","0.1","INDEX","-"
"SYS_C00643","0.1","INDEX","-"
"SYS_C00644","0.1","INDEX","-"
"METASCRIPT$","0.1","TABLE","752"
"TRIGGERCOL$","0.1","TABLE","3,057"
"METAPATHMAP$","0.1","TABLE","678"
"I_METAPATHMAP$","0.1","INDEX","-"
"EV$","0.1","TABLE","0"
"OL$","0.1","TABLE","0"
"AUD$","0.1","TABLE","0"
"DIM$","0.1","TABLE","0"
"DIR$","0.1","TABLE","4"
"DUAL","0.1","TABLE","1"
"DUC$","0.1","TABLE","10"
"ENC$","0.1","TABLE","0"
"FGA$","0.1","TABLE","0"
"HELP","0.1","TABLE","919"
"JOB$","0.1","TABLE","0"
"LOC$","0.1","TABLE","0"
"LOG$","0.1","TABLE","0"
"REG$","0.1","TABLE","0"
"RLS$","0.1","TABLE","105"
"SEQ$","0.1","TABLE","157"
"SUM$","0.1","TABLE","0"
"CONTA","0.1","TABLE","0"
"C_RG#","0.1","CLUSTER","-"
"C_TS#","0.1","CLUSTER","-"
"ECOL$","0.1","TABLE","0"
"FILE$","0.1","TABLE","4"
"HIER$","0.1","TABLE","0"
"I_DUC","0.1","INDEX","-"
"I_EV1","0.1","INDEX","-"
"I_EV2","0.1","INDEX","-"
"I_FGA","0.1","INDEX","-"
"I_RG#","0.1","INDEX","-"
"I_RLS","0.1","INDEX","-"
"I_TS#","0.1","INDEX","-"
"I_TS1","0.1","INDEX","-"
"KOPM$","0.1","TABLE","1"
"LINK$","0.1","TABLE","1"
"OPER1","0.1","INDEX","-"
"RULE$","0.1","TABLE","1"
"SNAP$","0.1","TABLE","0"
"UNDO$","0.1","TABLE","11"
"ASSOC1","0.1","INDEX","-"
"ASSOC2","0.1","INDEX","-"
"AUDIT$","0.1","TABLE","28"
"CPOOL$","0.1","TABLE","1"
"ERROR$","0.1","TABLE","0"
"EVCOL$","0.1","TABLE","0"
"INCEXP","0.1","TABLE","0"
"INCFIL","0.1","TABLE","0"
"INCVID","0.1","TABLE","1"
"INDOP$","0.1","TABLE","104"
"I_DIR1","0.1","INDEX","-"
"I_FGAP","0.1","INDEX","-"
"I_LOB1","0.1","INDEX","-"
"I_LOB2","0.1","INDEX","-"
"I_RLS2","0.1","INDEX","-"
"I_RULE","0.1","INDEX","-"
"I_SEQ1","0.1","INDEX","-"
"I_TAB1","0.1","INDEX","-"
"NOEXP$","0.1","TABLE","102"
"OPANC1","0.1","INDEX","-"
"OPARG$","0.1","TABLE","273"
"OPARG1","0.1","INDEX","-"
"PESSOA","0.1","TABLE","9"
"PROPS$","0.1","TABLE","36"
"REDEF$","0.1","TABLE","0"
"REG$_T","0.1","INDEX","-"
"SUMQB$","0.1","TABLE","0"
"COLLIND","0.1","INDEX","-"
"C_MLOG#","0.1","CLUSTER","-"
"C_USER#","0.1","CLUSTER","-"
"ENC_IDX","0.1","INDEX","-"
"EXPACT$","0.1","TABLE","17"
"FGACOL$","0.1","TABLE","0"
"I_AUDIT","0.1","INDEX","-"
"I_CDEF3","0.1","INDEX","-"
"I_COBJ#","0.1","INDEX","-"
"I_FILE1","0.1","INDEX","-"
"I_FILE2","0.1","INDEX","-"
"I_KOPM1","0.1","INDEX","-"
"I_LINK1","0.1","INDEX","-"
"I_MLOG#","0.1","INDEX","-"
"I_NTAB1","0.1","INDEX","-"
"I_NTAB2","0.1","INDEX","-"
"I_NTAB3","0.1","INDEX","-"
"I_RGJOB","0.1","INDEX","-"
"I_RGREF","0.1","INDEX","-"
"I_SLOG1","0.1","INDEX","-"
"I_SNAP1","0.1","INDEX","-"
"I_SNAP2","0.1","INDEX","-"
"I_TYPE3","0.1","INDEX","-"
"I_TYPE4","0.1","INDEX","-"
"I_UNDO1","0.1","INDEX","-"
"I_UNDO2","0.1","INDEX","-"
"I_USER#","0.1","INDEX","-"
"I_USER1","0.1","INDEX","-"
"I_USER2","0.1","INDEX","-"
"JIJOIN$","0.1","TABLE","0"
"KOTADX$","0.1","TABLE","-"
"OL$NAME","0.1","INDEX","-"
"OPBIND1","0.1","INDEX","-"
"RLS_SC$","0.1","TABLE","0"
"SECOBJ$","0.1","TABLE","1"
"SUMAGG$","0.1","TABLE","0"
"SUMDEP$","0.1","TABLE","0"
"SUMKEY$","0.1","TABLE","0"
"UGROUP$","0.1","TABLE","0"
"USTATS$","0.1","TABLE","2"
"USTATS1","0.1","INDEX","-"
"APPROLE$","0.1","TABLE","0"
"CONTA_PK","0.1","INDEX","-"
"CONTEXT$","0.1","TABLE","4"
"DEF$_LOB","0.1","TABLE","0"
"DEFROLE$","0.1","TABLE","0"
"DIMATTR$","0.1","TABLE","0"
"ECOL_IX1","0.1","INDEX","-"
"EDITION$","0.1","TABLE","1"
"ENDERECO","0.1","TABLE","0"
"FGA_LOG$","0.1","TABLE","0"
"ID_GENS$","0.1","TABLE","1"
"INDPART$","0.1","TABLE","106"
"I_ACTOBJ","0.1","INDEX","-"
"I_DIM$_1","0.1","INDEX","-"
"I_ERROR1","0.1","INDEX","-"
"I_EVCOL1","0.1","INDEX","-"
"I_FGACOL","0.1","INDEX","-"
"I_INCEXP","0.1","INDEX","-"
"I_RGROUP","0.1","INDEX","-"
"I_RLS_SC","0.1","INDEX","-"
"I_SUM$_1","0.1","INDEX","-"
"JAVAOBJ$","0.1","TABLE","0"
"JAVASNM$","0.1","TABLE","0"
"LOBFRAG$","0.1","TABLE","1"
"METAXSL$","0.1","TABLE","388"
"MIGRATE$","0.1","TABLE","1"
"NET$_ACL","0.1","TABLE","0"
"OBJPRIV$","0.1","TABLE","0"
"OL$HINTS","0.1","TABLE","0"
"OL$NODES","0.1","TABLE","0"
"PARTCOL$","0.1","TABLE","197"
"PARTLOB$","0.1","TABLE","1"
"PARTOBJ$","0.1","TABLE","146"
"PROFILE$","0.1","TABLE","17"
"REC_TAB$","0.1","TABLE","8"
"REC_VAR$","0.1","TABLE","3"
"REG$_IDX","0.1","INDEX","-"
"RLS_CTX$","0.1","TABLE","0"
"RLS_GRP$","0.1","TABLE","0"
"RULESET$","0.1","TABLE","0"
"RULE_EC$","0.1","TABLE","9"
"SERVICE$","0.1","TABLE","4"
"SUMJOIN$","0.1","TABLE","0"
"SUMPRED$","0.1","TABLE","0"
"SYSAUTH$","0.1","TABLE","716"
"TABPART$","0.1","TABLE","90"
"VIEWCON$","0.1","TABLE","0"
"CPOOL$_UI","0.1","INDEX","-"
"DIMLEVEL$","0.1","TABLE","0"
"EPG$_AUTH","0.1","TABLE","0"
"I1_QUEUES","0.1","INDEX","-"
"INDTYPES$","0.1","TABLE","8"
"I_APPROLE","0.1","INDEX","-"
"I_CONTEXT","0.1","INDEX","-"
"I_HIER$_1","0.1","INDEX","-"
"I_JIJOIN$","0.1","INDEX","-"
"I_JOB_JOB","0.1","INDEX","-"
"I_OBJTYPE","0.1","INDEX","-"
"I_PROFILE","0.1","INDEX","-"
"I_REC_TAB","0.1","INDEX","-"
"I_REC_VAR","0.1","INDEX","-"
"I_REFCON1","0.1","INDEX","-"
"I_REFCON2","0.1","INDEX","-"
"I_RGCHILD","0.1","INDEX","-"
"I_RLS_CTX","0.1","INDEX","-"
"I_RLS_GRP","0.1","INDEX","-"
"I_RULE_EC","0.1","INDEX","-"
"I_UGROUP1","0.1","INDEX","-"
"I_UGROUP2","0.1","INDEX","-"
"KU_UTLUSE","0.1","TABLE","5"
"MAP_FILE$","0.1","TABLE","0"
"METAVIEW$","0.1","TABLE","478"
"OBJERROR$","0.1","TABLE","0"
"OLAP_TAB$","0.1","TABLE","0"
"OPERATOR$","0.1","TABLE","45"
"PESSOA_PK","0.1","INDEX","-"
"PROFNAME$","0.1","TABLE","1"
"REGISTRY$","0.1","TABLE","5"
"REG_SNAP$","0.1","TABLE","0"
"RULE_MAP$","0.1","TABLE","2"
"RULE_SET$","0.1","TABLE","13"
"SQLERROR$","0.1","TABLE","0"
"SUMDELTA$","0.1","TABLE","-"
"SUPEROBJ$","0.1","TABLE","0"
"UNQ_PAIRS","0.1","INDEX","-"
"AQ$_MEM_MC","0.1","TABLE","-"
"AQ$_QUEUES","0.1","TABLE","21"
"AUX_STATS$","0.1","TABLE","13"
"BOOTSTRAP$","0.1","TABLE","60"
"DEF$_ERROR","0.1","TABLE","0"
"EXPDEPACT$","0.1","TABLE","0"
"EXPDEPOBJ$","0.1","TABLE","63"
"EXPPKGACT$","0.1","TABLE","38"
"EXPPKGOBJ$","0.1","TABLE","21"
"FIXED_OBJ$","0.1","TABLE","924"
"HIERLEVEL$","0.1","TABLE","0"
"I2_JIJOIN$","0.1","INDEX","-"
"I3_JIJOIN$","0.1","INDEX","-"
"IND_STATS$","0.1","TABLE","0"
"I_ATTRCOL1","0.1","INDEX","-"
"I_DEFROLE1","0.1","INDEX","-"
"I_JAVAOBJ1","0.1","INDEX","-"
"I_JAVASNM1","0.1","INDEX","-"
"I_JOB_NEXT","0.1","INDEX","-"
"I_OPQTYPE1","0.1","INDEX","-"
"I_PARTCOL$","0.1","INDEX","-"
"I_PARTOBJ$","0.1","INDEX","-"
"I_PROFNAME","0.1","INDEX","-"
"I_RULE_SET","0.1","INDEX","-"
"I_SUMQB$_1","0.1","INDEX","-"
"I_SUMQB$_2","0.1","INDEX","-"
"I_SUMQB$_3","0.1","INDEX","-"
"I_SYSAUTH1","0.1","INDEX","-"
"I_TRIGGER1","0.1","INDEX","-"
"I_TRIGGER2","0.1","INDEX","-"
"I_VIEWCON1","0.1","INDEX","-"
"I_VIEWCON2","0.1","INDEX","-"
"NCOMP_DLL$","0.1","TABLE","0"
"OL$HNT_NUM","0.1","INDEX","-"
"OPBINDING$","0.1","TABLE","117"
"SNAP_SITE$","0.1","TABLE","0"
"SNAP_XCMT$","0.1","TABLE","-"
"SUMDETAIL$","0.1","TABLE","0"
"SUMINLINE$","0.1","TABLE","0"
"SYS_C00645","0.1","INDEX","-"
"SYS_FBA_DL","0.1","TABLE","0"
"SYS_FBA_FA","0.1","TABLE","0"
"TAB_STATS$","0.1","TABLE","0"
"CDC_SYSTEM$","0.1","TABLE","1"
"COLLELEMIND","0.1","INDEX","-"
"DEF$_AQCALL","0.1","TABLE","-"
"DEF$_LOB_N1","0.1","INDEX","-"
"DEF$_ORIGIN","0.1","TABLE","0"
"DEFSUBPART$","0.1","TABLE","0"
"DIMJOINKEY$","0.1","TABLE","0"
"HS$_BASE_DD","0.1","TABLE","102"
"HS$_INST_DD","0.1","TABLE","0"
"INDCOMPART$","0.1","TABLE","0"
"INDREBUILD$","0.1","TABLE","0"
"INDSUBPART$","0.1","TABLE","0"
"IND_ONLINE$","0.1","TABLE","0"
"I_DEPENDOBJ","0.1","INDEX","-"
"I_METAVIEW$","0.1","INDEX","-"
"I_OLAP_TAB$","0.1","INDEX","-"
"I_PARENTOBJ","0.1","INDEX","-"
"I_REG_SNAP1","0.1","INDEX","-"
"I_REG_SNAP2","0.1","INDEX","-"
"I_RULE_MAP1","0.1","INDEX","-"
"I_RULE_MAP2","0.1","INDEX","-"
"I_SUMAGG$_1","0.1","INDEX","-"
"I_SUMDELTA$","0.1","INDEX","-"
"I_SUMDEP$_1","0.1","INDEX","-"
"I_SUMDEP$_2","0.1","INDEX","-"
"I_SUMKEY$_1","0.1","INDEX","-"
"I_SUPEROBJ1","0.1","INDEX","-"
"I_SUPEROBJ2","0.1","INDEX","-"
"LOGMNRG_TS$","0.1","TABLE","0"
"OLAP_CUBES$","0.1","TABLE","0"
"PROCEDUREC$","0.1","TABLE","1,190"
"PROXY_DATA$","0.1","TABLE","0"
"PROXY_INFO$","0.1","TABLE","0"
"RECYCLEBIN$","0.1","TABLE","0"
"REGISTRY_PK","0.1","INDEX","-"
"REPCAT$_DDL","0.1","INDEX","-"
"REPCAT$_DDL","0.1","TABLE","0"
"SNAP_REFOP$","0.1","TABLE","0"
"SUBPARTCOL$","0.1","TABLE","1"
"SUMPARTLOG$","0.1","TABLE","0"
"SYS_C001428","0.1","INDEX","-"
"SYS_C001429","0.1","INDEX","-"
"SYS_C001434","0.1","INDEX","-"
"SYS_C001439","0.1","INDEX","-"
"SYS_C001442","0.1","INDEX","-"
"SYS_C001445","0.1","INDEX","-"
"SYS_C001580","0.1","INDEX","-"
"SYS_C001583","0.1","INDEX","-"
"SYS_C001623","0.1","INDEX","-"
"SYS_C001634","0.1","INDEX","-"
"SYS_C001638","0.1","INDEX","-"
"SYS_C001694","0.1","INDEX","-"
"SYS_C003081","0.1","INDEX","-"
"SYS_C003197","0.1","INDEX","-"
"SYS_C003204","0.1","INDEX","-"
"SYS_C003208","0.1","INDEX","-"
"SYS_C003209","0.1","INDEX","-"
"SYS_C003224","0.1","INDEX","-"
"SYS_C003225","0.1","INDEX","-"
"SYS_C003226","0.1","INDEX","-"
"SYS_C003234","0.1","INDEX","-"
"SYS_C003243","0.1","INDEX","-"
"SYS_C003250","0.1","INDEX","-"
"SYS_C003251","0.1","INDEX","-"
"SYS_C003268","0.1","INDEX","-"
"SYS_C003269","0.1","INDEX","-"
"SYS_C003270","0.1","INDEX","-"
"SYS_C003277","0.1","INDEX","-"
"SYS_C003294","0.1","INDEX","-"
"SYS_C003295","0.1","INDEX","-"
"SYS_C003296","0.1","INDEX","-"
"SYS_C003297","0.1","INDEX","-"
"SYS_C003356","0.1","INDEX","-"
"SYS_C003357","0.1","INDEX","-"
"SYS_C003358","0.1","INDEX","-"
"SYS_C003361","0.1","INDEX","-"
"SYS_C003370","0.1","INDEX","-"
"SYS_C003371","0.1","INDEX","-"
"SYS_C003374","0.1","INDEX","-"
"SYS_C003383","0.1","INDEX","-"
"SYS_C003384","0.1","INDEX","-"
"SYS_C003387","0.1","INDEX","-"
"SYS_C003486","0.1","INDEX","-"
"SYS_C003487","0.1","INDEX","-"
"SYS_C003500","0.1","INDEX","-"
"SYS_C003503","0.1","INDEX","-"
"SYS_C003511","0.1","INDEX","-"
"SYS_C003514","0.1","INDEX","-"
"SYS_C003517","0.1","INDEX","-"
"SYS_C003526","0.1","INDEX","-"
"SYS_C003527","0.1","INDEX","-"
"SYS_C003528","0.1","INDEX","-"
"SYS_C003529","0.1","INDEX","-"
"SYS_C003532","0.1","INDEX","-"
"SYS_C003540","0.1","INDEX","-"
"SYS_C003543","0.1","INDEX","-"
"S_PROPS_TAB","0.1","NESTED TABLE","-"
"TABCOMPART$","0.1","TABLE","1"
"TABSUBPART$","0.1","TABLE","32"
"TRIGGERDEP$","0.1","TABLE","0"
"TYPED_VIEW$","0.1","TABLE","315"
"WALLET$_ACL","0.1","TABLE","0"
"ASSOCIATION$","0.1","TABLE","12"
"COMPRESSION$","0.1","TABLE","0"
"DBFS$_MOUNTS","0.1","TABLE","0"
"DBFS$_STORES","0.1","TABLE","0"
"DBFS_SFS$_FS","0.1","TABLE","0"
"DEF$_AQERROR","0.1","TABLE","-"
"DEFAULT_PWD$","0.1","TABLE","841"
"DIMLEVELKEY$","0.1","TABLE","0"
"EPG$_AUTH_PK","0.1","INDEX","-"
"HS$_CLASS_DD","0.1","TABLE","0"
"HS$_FDS_INST","0.1","TABLE","0"
"I_ACTPACKAGE","0.1","INDEX","-"
"I_AUX_STATS$","0.1","INDEX","-"
"I_COL_USAGE$","0.1","INDEX","-"
"I_DIMATTR$_1","0.1","INDEX","-"
"I_DIMATTR$_2","0.1","INDEX","-"
"I_NCOMP_DLL1","0.1","INDEX","-"
"I_PROCEDURE1","0.1","INDEX","-"
"I_SNAP_SITE1","0.1","INDEX","-"
"I_STATS_OBJ#","0.1","INDEX","-"
"I_SUMJOIN$_1","0.1","INDEX","-"
"I_SUMPRED$_1","0.1","INDEX","-"
"I_VIEWTRCOL1","0.1","INDEX","-"
"KU_NOEXP_TAB","0.1","TABLE","194"
"LOBCOMPPART$","0.1","TABLE","0"
"LOGMNRG_COL$","0.1","TABLE","0"
"LOGMNRG_ENC$","0.1","TABLE","0"
"LOGMNRG_IND$","0.1","TABLE","0"
"LOGMNRG_LOB$","0.1","TABLE","0"
"LOGMNRG_OBJ$","0.1","TABLE","0"
"LOGMNRG_TAB$","0.1","TABLE","0"
"MAP_ELEMENT$","0.1","TABLE","0"
"MLOG_REFCOL$","0.1","TABLE","0"
"OBJECT_USAGE","0.1","TABLE","0"
"OL$SIGNATURE","0.1","INDEX","-"
"OLAP_MODELS$","0.1","TABLE","0"
"OLAP_SYNTAX$","0.1","TABLE","0"
"OPANCILLARY$","0.1","TABLE","34"
"REGISTRY$LOG","0.1","TABLE","5"
"RESOURCE_MAP","0.1","TABLE","16"
"RULE_SET_EE$","0.1","TABLE","2"
"RULE_SET_NL$","0.1","TABLE","8"
"RULE_SET_RE$","0.1","TABLE","2"
"RULE_SET_TE$","0.1","TABLE","2"
"RULE_SET_VE$","0.1","TABLE","0"
"SNAP_COLMAP$","0.1","TABLE","0"
"SNAP_LOGDEP$","0.1","TABLE","0"
"SNAP_OBJCOL$","0.1","TABLE","0"
"SQL_VERSION$","0.1","TABLE","4"
"SYS_FBA_TSFA","0.1","TABLE","0"
"UI_REDEF_ID$","0.1","INDEX","-"
"WRR$_REPLAYS","0.1","TABLE","0"
"XS$VERIFIERS","0.1","TABLE","0"
"XSTREAM$_MAP","0.1","TABLE","0"
"AQ$_PUBLISHER","0.1","TABLE","0"
"AQ_PROP_TABLE","0.1","TABLE","-"
"AUDIT_ACTIONS","0.1","TABLE","180"
"CHNF$_QUERIES","0.1","TABLE","0"
"DBFS_SFS$_FST","0.1","TABLE","0"
"DBFS_SFS$_TAB","0.1","TABLE","0"
"DBFS_SFS$_VOL","0.1","TABLE","0"
"DEF$_CALLDEST","0.1","TABLE","0"
"DEFERRED_STG$","0.1","TABLE","0"
"EXTERNAL_TAB$","0.1","TABLE","0"
"HS$_BASE_CAPS","0.1","TABLE","811"
"HS$_FDS_CLASS","0.1","TABLE","1"
"HS$_INST_CAPS","0.1","TABLE","0"
"HS$_INST_INIT","0.1","TABLE","0"
"INDARRAYTYPE$","0.1","TABLE","0"
"I_DEFAULT_PWD","0.1","INDEX","-"
"I_DEFSUBPART$","0.1","INDEX","-"
"I_DIMLEVEL$_1","0.1","INDEX","-"
"I_INDCOMPART$","0.1","INDEX","-"
"I_INDREBUILD1","0.1","INDEX","-"
"I_OLAP_CUBES$","0.1","INDEX","-"
"I_PROCEDUREC$","0.1","INDEX","-"
"I_PROXY_DATA$","0.1","INDEX","-"
"I_PROXY_INFO$","0.1","INDEX","-"
"I_RULE_SET_EE","0.1","INDEX","-"
"I_RULE_SET_NL","0.1","INDEX","-"
"I_RULE_SET_TE","0.1","INDEX","-"
"I_RULE_SET_VE","0.1","INDEX","-"
"I_SNAP_REFOP1","0.1","INDEX","-"
"I_SUBCOLTYPE1","0.1","INDEX","-"
"I_SUBPARTCOL$","0.1","INDEX","-"
"I_SUMPARTLOG$","0.1","INDEX","-"
"I_TABCOMPART$","0.1","INDEX","-"
"I_TYPED_VIEW1","0.1","INDEX","-"
"I_USER_PREFS$","0.1","INDEX","-"
"JIREFRESHSQL$","0.1","TABLE","0"
"LOGMNRG_CCOL$","0.1","TABLE","0"
"LOGMNRG_CDEF$","0.1","TABLE","0"
"LOGMNRG_ICOL$","0.1","TABLE","0"
"LOGMNRG_KOPM$","0.1","TABLE","0"
"LOGMNRG_NTAB$","0.1","TABLE","0"
"LOGMNRG_SEED$","0.1","TABLE","0"
"LOGMNRG_TYPE$","0.1","TABLE","0"
"LOGMNRG_USER$","0.1","TABLE","0"
"MAP_COMPLIST$","0.1","TABLE","0"
"MVIEW$_ADV_GC","0.1","TABLE","0"
"OLAP_TAB_COL$","0.1","TABLE","0"
"REDEF_OBJECT$","0.1","TABLE","0"
"RULE_SET_FOB$","0.1","TABLE","8"
"RULE_SET_ROR$","0.1","TABLE","2"
"SNAP_REFTIME$","0.1","TABLE","0"
"SYS_FBA_USERS","0.1","TABLE","0"
"TRIGGERJAVAC$","0.1","TABLE","0"
"TRIGGERJAVAF$","0.1","TABLE","0"
"TRIGGERJAVAM$","0.1","TABLE","0"
"TRIGGERJAVAS$","0.1","TABLE","0"
"TRUSTED_LIST$","0.1","TABLE","1"
"USER_HISTORY$","0.1","TABLE","0"
"WRR$_CAPTURES","0.1","TABLE","0"
"XS$PARAMETERS","0.1","TABLE","0"
"AQ_EVENT_TABLE","0.1","TABLE","-"
"CACHE_STATS_0$","0.1","TABLE","0"
"CACHE_STATS_1$","0.1","TABLE","0"
"DAM_PARAM_TAB$","0.1","TABLE","7"
"DBFS_SFS$_FSTO","0.1","TABLE","0"
"DBFS_SFS$_FSTP","0.1","TABLE","0"
"DBFS_SFS$_SNAP","0.1","TABLE","0"
"DEF$_TRANORDER","0.1","INDEX","-"
"DEFSUBPARTLOB$","0.1","TABLE","0"
"DIANA_VERSION$","0.1","TABLE","0"
"ENDERECO_ID_PK","0.1","INDEX","-"
"EXPIMP_TTS_CT$","0.1","TABLE","0"
"HELP_TOPIC_SEQ","0.1","INDEX","-"
"HS$_BASE_DD_PK","0.1","INDEX","-"
"HS$_CLASS_CAPS","0.1","TABLE","0"
"HS$_CLASS_INIT","0.1","TABLE","0"
"HS$_INST_DD_PK","0.1","INDEX","-"
"I1_RULE_SET_RE","0.1","INDEX","-"
"I2_RULE_SET_RE","0.1","INDEX","-"
"I3_RULE_SET_RE","0.1","INDEX","-"
"INDPART_PARAM$","0.1","TABLE","0"
"I_COMPRESSION1","0.1","INDEX","-"
"I_HIERLEVEL$_1","0.1","INDEX","-"
"I_ICOLDEP$_OBJ","0.1","INDEX","-"
"I_INDPART_OBJ$","0.1","INDEX","-"
"I_METASCRIPT2$","0.1","INDEX","-"
"I_MLOG_REFCOL1","0.1","INDEX","-"
"I_OBJ#_INTCOL#","0.1","INDEX","-"
"I_OLAP_MODELS$","0.1","INDEX","-"
"I_OLAP_SYNTAX$","0.1","INDEX","-"
"I_RULE_SET_FOB","0.1","INDEX","-"
"I_RULE_SET_ROR","0.1","INDEX","-"
"I_SNAP_COLMAP1","0.1","INDEX","-"
"I_SNAP_LOGDEP1","0.1","INDEX","-"
"I_SNAP_OBJCOL1","0.1","INDEX","-"
"I_SUMDETAIL$_1","0.1","INDEX","-"
"I_SUMDETAIL$_2","0.1","INDEX","-"
"I_SUMINLINE$_1","0.1","INDEX","-"
"I_SUMINLINE$_2","0.1","INDEX","-"
"I_SUMINLINE$_3","0.1","INDEX","-"
"I_TABPART_OBJ$","0.1","INDEX","-"
"I_TRIGGERJAVAC","0.1","INDEX","-"
"I_TRIGGERJAVAF","0.1","INDEX","-"
"I_TRIGGERJAVAM","0.1","INDEX","-"
"I_TRIGGERJAVAS","0.1","INDEX","-"
"I_XS$SESSIONS1","0.1","INDEX","-"
"I_XSTREAM_MAP1","0.1","INDEX","-"
"LOGMNRG_PROPS$","0.1","TABLE","0"
"MVIEW$_ADV_AJG","0.1","TABLE","0"
"MVIEW$_ADV_FJG","0.1","TABLE","0"
"MVIEW$_ADV_LOG","0.1","TABLE","0"
"OLAP_AW_VIEWS$","0.1","TABLE","0"
"OLAP_MAPPINGS$","0.1","TABLE","0"
"OLAP_MEASURES$","0.1","TABLE","0"
"OLAP_TAB_HIER$","0.1","TABLE","0"
"PENDING_TRANS$","0.1","TABLE","0"
"PROCEDUREJAVA$","0.1","TABLE","0"
"PROPERTIES_TAB","0.1","NESTED TABLE","-"
"RECYCLEBIN$_TS","0.1","INDEX","-"
"REGISTRY$ERROR","0.1","TABLE","0"
"REPCAT$_REPCAT","0.1","TABLE","0"
"RESOURCE_COST$","0.1","TABLE","10"
"RESOURCE_PLAN$","0.1","TABLE","10"
"RULE_SET_RDEP$","0.1","TABLE","2"
"SCHEDULER$_JOB","0.1","TABLE","15"
"STREAMS$_RULES","0.1","TABLE","0"
"TRANSIENT_IOT$","0.1","TABLE","0"
"TRIGGERDEPIND$","0.1","INDEX","-"
"TYPEHIERARCHY$","0.1","TABLE","45"
"UI_REDEF_NAME$","0.1","INDEX","-"
"XS$SESSIONS_I1","0.1","INDEX","-"
"APPLY$_DEST_OBJ","0.1","TABLE","0"
"AQ$_REPLAY_INFO","0.1","TABLE","0"
"CHNFDIRECTLOAD$","0.1","TABLE","0"
"DBMS_ALERT_INFO","0.1","TABLE","0"
"DEF$_PROPAGATOR","0.1","TABLE","0"
"DEPENDENCIES_PK","0.1","INDEX","-"
"DST$ERROR_TABLE","0.1","TABLE","0"
"FGR$_TABLE_INFO","0.1","TABLE","0"
"HS$_BASE_DD_UK1","0.1","INDEX","-"
"HS$_CLASS_DD_PK","0.1","INDEX","-"
"HS$_FDS_INST_PK","0.1","INDEX","-"
"HS$_INST_DD_UK1","0.1","INDEX","-"
"I1_QUEUE_TABLES","0.1","INDEX","-"
"IS_DBFS$_MOUNTS","0.1","INDEX","-"
"I_AUDIT_ACTIONS","0.1","INDEX","-"
"I_CACHE_STATS_0","0.1","INDEX","-"
"I_CACHE_STATS_1","0.1","INDEX","-"
"I_DEFERRED_STG1","0.1","INDEX","-"
"I_DIANA_VERSION","0.1","INDEX","-"
"I_DIMJOINKEY$_1","0.1","INDEX","-"
"I_DIMJOINKEY$_2","0.1","INDEX","-"
"I_INDPART_PARAM","0.1","INDEX","-"
"I_MON_MODS$_OBJ","0.1","INDEX","-"
"I_OLAP_TAB_COL$","0.1","INDEX","-"
"I_REDEF_OBJECT$","0.1","INDEX","-"
"I_SNAP_REFTIME1","0.1","INDEX","-"
"I_XS$VERIFIERS1","0.1","INDEX","-"
"LOGMNRG_REFCON$","0.1","TABLE","0"
"LOGMNR_BUILDLOG","0.1","TABLE","0"
"LOGMNR_SESSION$","0.1","TABLE","0"
"MAP_EXTELEMENT$","0.1","TABLE","0"
"MAP_SUBELEMENT$","0.1","TABLE","0"
"MVIEW$_ADV_INFO","0.1","TABLE","0"
"MVIEW$_ADV_PLAN","0.1","TABLE","0"
"MVIEW$_ADV_TEMP","0.1","TABLE","0"
"OL$NODE_OL_NAME","0.1","INDEX","-"
"RECYCLEBIN$_OBJ","0.1","INDEX","-"
"REPCAT$_FLAVORS","0.1","TABLE","0"
"REPCAT$_REPPROP","0.1","TABLE","0"
"RULE_SET_IEUAC$","0.1","TABLE","1"
"SCHEDULER$_STEP","0.1","TABLE","0"
"WRR$_REPLAYS_PK","0.1","INDEX","-"
"XSTREAM$_SERVER","0.1","TABLE","0"
"APPLY$_ERROR_TXN","0.1","TABLE","0"
"AQ$_AQ$_MEM_MC_L","0.1","TABLE","0"
"AQ$_AQ$_MEM_MC_S","0.1","TABLE","3"
"AQ$_QUEUES_CHECK","0.1","INDEX","-"
"AQ$_QUEUE_TABLES","0.1","TABLE","11"
"CDC_CHANGE_SETS$","0.1","TABLE","1"
"CDC_SUBSCRIBERS$","0.1","TABLE","0"
"DEF$_CALLDEST_N2","0.1","INDEX","-"
"DEF$_DEFAULTDEST","0.1","TABLE","0"
"DEF$_DESTINATION","0.1","TABLE","0"
"DEF$_LOB_PRIMARY","0.1","INDEX","-"
"FGR$_FILE_GROUPS","0.1","TABLE","0"
"HS$_BASE_CAPS_PK","0.1","INDEX","-"
"HS$_CLASS_DD_UK1","0.1","INDEX","-"
"HS$_FDS_CLASS_PK","0.1","INDEX","-"
"HS$_FDS_INST_UK1","0.1","INDEX","-"
"HS$_INST_CAPS_PK","0.1","INDEX","-"
"HS$_INST_INIT_PK","0.1","INDEX","-"
"I1_CHNF$_CLAUSES","0.1","INDEX","-"
"I1_CHNF$_QUERIES","0.1","INDEX","-"
"I1_JIREFRESHSQL$","0.1","INDEX","-"
"I2_CHNF$_CLAUSES","0.1","INDEX","-"
"I2_CHNF$_QUERIES","0.1","INDEX","-"
"I2_JIREFRESHSQL$","0.1","INDEX","-"
"INSERT_TSN_LIST$","0.1","TABLE","0"
"I_DEFSUBPARTLOB$","0.1","INDEX","-"
"I_DIMLEVELKEY$_1","0.1","INDEX","-"
"I_DIMLEVELKEY$_2","0.1","INDEX","-"
"I_EXTERNAL_TAB1$","0.1","INDEX","-"
"I_OLAP_AW_VIEWS$","0.1","INDEX","-"
"I_OLAP_MAPPINGS$","0.1","INDEX","-"
"I_OLAP_TAB_HIER$","0.1","INDEX","-"
"I_PENDING_TRANS1","0.1","INDEX","-"
"I_PROCEDUREJAVA$","0.1","INDEX","-"
"I_RULE_SET_RDEP1","0.1","INDEX","-"
"I_RULE_SET_RDEP2","0.1","INDEX","-"
"I_SCHEDULER_JOB1","0.1","INDEX","-"
"I_SCHEDULER_JOB2","0.1","INDEX","-"
"I_SCHEDULER_JOB3","0.1","INDEX","-"
"I_SCHEDULER_JOB4","0.1","INDEX","-"
"I_STREAMS_RULES1","0.1","INDEX","-"
"I_STREAMS_RULES2","0.1","INDEX","-"
"I_TYPEHIERARCHY1","0.1","INDEX","-"
"LOGMNRG_ATTRCOL$","0.1","TABLE","0"
"LOGMNRG_COLTYPE$","0.1","TABLE","0"
"LOGMNRG_INDPART$","0.1","TABLE","0"
"LOGMNRG_LOBFRAG$","0.1","TABLE","0"
"LOGMNRG_OPQTYPE$","0.1","TABLE","0"
"LOGMNRG_PARTOBJ$","0.1","TABLE","0"
"LOGMNRG_TABPART$","0.1","TABLE","0"
"MAP_FILE_EXTENT$","0.1","TABLE","0"
"MVIEW$_ADV_GC_PK","0.1","INDEX","-"
"MVIEW$_ADV_LEVEL","0.1","TABLE","0"
"OLAP_ATTRIBUTES$","0.1","TABLE","0"
"OLAP_DIM_LEVELS$","0.1","TABLE","0"
"PROXY_ROLE_DATA$","0.1","TABLE","0"
"PROXY_ROLE_INFO$","0.1","TABLE","0"
"REDEF_DEP_ERROR$","0.1","TABLE","0"
"REGISTRY$HISTORY","0.1","TABLE","0"
"REGISTRY$SCHEMAS","0.1","TABLE","9"
"REPCAT$_CONFLICT","0.1","TABLE","0"
"REPCAT$_PRIORITY","0.1","TABLE","0"
"SCHEDULER$_CHAIN","0.1","TABLE","0"
"SCHEDULER$_CLASS","0.1","TABLE","13"
"SCHEDULER$_FW_PK","0.1","INDEX","-"
"SNAP_LOADERTIME$","0.1","TABLE","0"
"TRANSFORMATIONS$","0.1","TABLE","3"
"USER_ASTATUS_MAP","0.1","TABLE","9"
"WRR$_CAPTURES_PK","0.1","INDEX","-"
"APPLY$_SOURCE_OBJ","0.1","TABLE","0"
"AQ$_MESSAGE_TYPES","0.1","TABLE","0"
"CDC_PROPAGATIONS$","0.1","TABLE","0"
"CHNF$_QUERY_BINDS","0.1","TABLE","0"
"CHNF$_REG_QUERIES","0.1","TABLE","0"
"DAM_CLEANUP_JOBS$","0.1","TABLE","0"
"DAM_CONFIG_PARAM$","0.1","TABLE","10"
"DAM_LAST_ARCH_TS$","0.1","TABLE","0"
"DST$TRIGGER_TABLE","0.1","TABLE","0"
"HS$_CLASS_CAPS_PK","0.1","INDEX","-"
"HS$_CLASS_INIT_PK","0.1","INDEX","-"
"HS$_FDS_CLASS_UK1","0.1","INDEX","-"
"HS$_INST_CAPS_UK1","0.1","INDEX","-"
"HS$_INST_INIT_UK1","0.1","INDEX","-"
"I_APPLY_DEST_OBJ1","0.1","INDEX","-"
"I_APPLY_DEST_OBJ2","0.1","INDEX","-"
"I_APPLY_DEST_OBJ3","0.1","INDEX","-"
"I_CHNFDIRECTLOAD$","0.1","INDEX","-"
"I_FIXED_OBJ$_OBJ#","0.1","INDEX","-"
"I_INDPART_BOPART$","0.1","INDEX","-"
"I_INDSUBPART_OBJ$","0.1","INDEX","-"
"I_IND_STATS$_OBJ#","0.1","INDEX","-"
"I_SCHEDULER_STEP1","0.1","INDEX","-"
"I_SCHEDULER_STEP2","0.1","INDEX","-"
"I_TABPART_BOPART$","0.1","INDEX","-"
"I_TAB_STATS$_OBJ#","0.1","INDEX","-"
"I_XSTREAM_SERVER1","0.1","INDEX","-"
"I_XSTREAM_SERVER2","0.1","INDEX","-"
"LOGMNR_PARAMETER$","0.1","TABLE","0"
"LOGMNR_SESSION_PK","0.1","INDEX","-"
"MVIEW$_ADV_AJG_PK","0.1","INDEX","-"
"MVIEW$_ADV_CLIQUE","0.1","TABLE","0"
"MVIEW$_ADV_FILTER","0.1","TABLE","0"
"MVIEW$_ADV_FJG_PK","0.1","INDEX","-"
"MVIEW$_ADV_LOG_PK","0.1","INDEX","-"
"MVIEW$_ADV_OUTPUT","0.1","TABLE","0"
"MVIEW$_ADV_PRETTY","0.1","TABLE","0"
"MVIEW$_ADV_ROLLUP","0.1","TABLE","0"
"OLAP_HIERARCHIES$","0.1","TABLE","0"
"OLAP_HIER_LEVELS$","0.1","TABLE","0"
"PENDING_SESSIONS$","0.1","TABLE","0"
"RECYCLEBIN$_OWNER","0.1","INDEX","-"
"REGISTRY$DATABASE","0.1","TABLE","1"
"REGISTRY$PROGRESS","0.1","TABLE","0"
"REPCAT$_DDL_INDEX","0.1","INDEX","-"
"REPCAT$_EXTENSION","0.1","TABLE","0"
"REPCAT$_GENERATED","0.1","TABLE","0"
"REPCAT$_REPCATLOG","0.1","TABLE","0"
"REPCAT$_REPCOLUMN","0.1","TABLE","0"
"REPCAT$_REPOBJECT","0.1","TABLE","0"
"REPCAT$_REPSCHEMA","0.1","TABLE","0"
"REPCAT$_SITES_NEW","0.1","TABLE","0"
"REPCAT$_SNAPGROUP","0.1","TABLE","0"
"SCHEDULER$_JOB_PK","0.1","INDEX","-"
"SCHEDULER$_RDB_PK","0.1","INDEX","-"
"SCHEDULER$_RJS_PK","0.1","INDEX","-"
"SCHEDULER$_WINDOW","0.1","TABLE","9"
"STREAMS$_DEF_PROC","0.1","TABLE","0"
"SYS_IOT_TOP_12464","0.1","INDEX","-"
"SYS_IOT_TOP_12466","0.1","INDEX","-"
"SYS_IOT_TOP_12469","0.1","INDEX","-"
"SYS_IOT_TOP_12472","0.1","INDEX","-"
"SYS_IOT_TOP_12499","0.1","INDEX","-"
"SYS_IOT_TOP_12501","0.1","INDEX","-"
"SYS_IOT_TOP_12504","0.1","INDEX","-"
"SYS_IOT_TOP_12507","0.1","INDEX","-"
"SYS_IOT_TOP_12529","0.1","INDEX","-"
"SYS_IOT_TOP_12531","0.1","INDEX","-"
"SYS_IOT_TOP_12534","0.1","INDEX","-"
"SYS_IOT_TOP_12537","0.1","INDEX","-"
"SYS_IOT_TOP_12759","0.1","INDEX","-"
"SYS_IOT_TOP_12761","0.1","INDEX","-"
"SYS_IOT_TOP_12764","0.1","INDEX","-"
"SYS_IOT_TOP_12767","0.1","INDEX","-"
"SYS_IOT_TOP_12795","0.1","INDEX","-"
"SYS_IOT_TOP_12797","0.1","INDEX","-"
"SYS_IOT_TOP_12800","0.1","INDEX","-"
"SYS_IOT_TOP_12803","0.1","INDEX","-"
"SYS_IOT_TOP_12974","0.1","INDEX","-"
"SYS_IOT_TOP_12976","0.1","INDEX","-"
"SYS_IOT_TOP_12979","0.1","INDEX","-"
"SYS_IOT_TOP_12982","0.1","INDEX","-"
"UTL_RECOMP_ERRORS","0.1","TABLE","0"
"UTL_RECOMP_SORTED","0.1","TABLE","0"
"WRI$_SQLMON_USAGE","0.1","TABLE","1"
"AQ$_QUEUES_PRIMARY","0.1","INDEX","-"
"CDC_CHANGE_TABLES$","0.1","TABLE","0"
"CHNF$_QUERY_OBJECT","0.1","TABLE","0"
"DEF$_ERROR_PRIMARY","0.1","INDEX","-"
"EXTERNAL_LOCATION$","0.1","TABLE","0"
"HS$_CLASS_CAPS_UK1","0.1","INDEX","-"
"HS$_CLASS_INIT_UK1","0.1","INDEX","-"
"HS$_FDS_CLASS_DATE","0.1","TABLE","1"
"I_CDC_CHANGE_SETS$","0.1","INDEX","-"
"I_CDC_SUBSCRIBERS$","0.1","INDEX","-"
"I_FGR$_TABLE_INFO1","0.1","INDEX","-"
"I_FGR$_TABLE_INFO2","0.1","INDEX","-"
"I_FGR$_TABLE_INFO3","0.1","INDEX","-"
"I_OLAP_ATTRIBUTES$","0.1","INDEX","-"
"I_OLAP_DIM_LEVELS$","0.1","INDEX","-"
"I_REDEF_DEP_ERROR$","0.1","INDEX","-"
"I_SNAP_LOADERTIME1","0.1","INDEX","-"
"I_STREAMS_PREPARE1","0.1","INDEX","-"
"I_TABSUBPART$_OBJ$","0.1","INDEX","-"
"LOGMNRG_ATTRIBUTE$","0.1","TABLE","0"
"LOGMNR_BUILDLOG_PK","0.1","INDEX","-"
"LOGMNR_SESSION_UK1","0.1","INDEX","-"
"MVIEW$_ADV_INFO_PK","0.1","INDEX","-"
"MVIEW$_ADV_JOURNAL","0.1","TABLE","0"
"OLAP_DESCRIPTIONS$","0.1","TABLE","0"
"OLAP_IMPL_OPTIONS$","0.1","TABLE","0"
"REGISTRY_SCHEMA_PK","0.1","INDEX","-"
"REPCAT$_EXCEPTIONS","0.1","TABLE","0"
"REPCAT$_RESOLUTION","0.1","TABLE","0"
"RESOURCE_CATEGORY$","0.1","TABLE","5"
"SCHEDULER$_DEST_PK","0.1","INDEX","-"
"SCHEDULER$_FWQ_ANT","0.1","NESTED TABLE","-"
"SCHEDULER$_LOBJ_PK","0.1","INDEX","-"
"SCHEDULER$_LOBJ_UK","0.1","INDEX","-"
"SCHEDULER$_PROGRAM","0.1","TABLE","19"
"SCHEDULER$_RDBI_PK","0.1","INDEX","-"
"SCHEDULER$_RJQ_ANT","0.1","NESTED TABLE","-"
"SCHEDULER$_SOID_PK","0.1","INDEX","-"
"STREAMS$_DEST_OBJS","0.1","TABLE","0"
"STREAMS$_PROP_P_I1","0.1","INDEX","-"
"STREAMS$_PROP_P_I2","0.1","INDEX","-"
"SYS_FBA_BARRIERSCN","0.1","TABLE","0"
"SYS_FBA_PARTITIONS","0.1","TABLE","0"
"SYS_IOT_OVER_12469","0.1","TABLE","0"
"SYS_IOT_OVER_12504","0.1","TABLE","0"
"SYS_IOT_OVER_12534","0.1","TABLE","0"
"SYS_IOT_OVER_12764","0.1","TABLE","0"
"SYS_IOT_OVER_12800","0.1","TABLE","0"
"SYS_IOT_OVER_12979","0.1","TABLE","0"
"USR_PROPERTIES_TAB","0.1","NESTED TABLE","-"
"APPLY$_DEST_OBJ_OPS","0.1","TABLE","0"
"AQ$_AQ_PROP_TABLE_L","0.1","TABLE","0"
"AQ$_AQ_PROP_TABLE_S","0.1","TABLE","1"
"AQ$_INTERNET_AGENTS","0.1","TABLE","4"
"AQ$_MSGTYPES_UNIQUE","0.1","INDEX","-"
"AQ$_SCHEDULES_CHECK","0.1","INDEX","-"
"CDC_CHANGE_COLUMNS$","0.1","TABLE","0"
"CDC_CHANGE_SOURCES$","0.1","TABLE","2"
"DAM_CLEANUP_EVENTS$","0.1","TABLE","0"
"DBMS_LOCK_ALLOCATED","0.1","TABLE","1"
"DST$AFFECTED_TABLES","0.1","TABLE","0"
"I1_CHNF$_QUERY_DEPS","0.1","INDEX","-"
"I2_CHNF$_QUERY_DEPS","0.1","INDEX","-"
"I_APPLY_SOURCE_OBJ1","0.1","INDEX","-"
"I_APPLY_SOURCE_OBJ2","0.1","INDEX","-"
"I_CDC_PROPAGATIONS$","0.1","INDEX","-"
"I_FGR$_FILE_GROUPS1","0.1","INDEX","-"
"I_LOBFRAG$_FRAGOBJ$","0.1","INDEX","-"
"I_MON_MODS_ALL$_OBJ","0.1","INDEX","-"
"I_OLAP_DESCRIPTION$","0.1","INDEX","-"
"I_OLAP_HIERARCHIES$","0.1","INDEX","-"
"I_OLAP_HIER_LEVELS$","0.1","INDEX","-"
"I_SCHEDULER_WINDOW1","0.1","INDEX","-"
"LOGMNRG_DICTIONARY$","0.1","TABLE","0"
"LOGMNRG_INDCOMPART$","0.1","TABLE","0"
"LOGMNRG_INDSUBPART$","0.1","TABLE","0"
"LOGMNRG_SUBCOLTYPE$","0.1","TABLE","0"
"LOGMNRG_TABCOMPART$","0.1","TABLE","0"
"LOGMNRG_TABSUBPART$","0.1","TABLE","0"
"LOGSTDBY$PARAMETERS","0.1","TABLE","0"
"MVIEW$_ADV_ELIGIBLE","0.1","TABLE","0"
"MVIEW$_ADV_LEVEL_PK","0.1","INDEX","-"
"MVIEW$_ADV_WORKLOAD","0.1","TABLE","0"
"OLAP_MODEL_PARENTS$","0.1","TABLE","0"
"OLAP_MULTI_OPTIONS$","0.1","TABLE","0"
"OPTSTAT_USER_PREFS$","0.1","TABLE","0"
"REPCAT$_CONFLICT_PK","0.1","INDEX","-"
"REPCAT$_KEY_COLUMNS","0.1","TABLE","0"
"REPCAT$_PRIORITY_PK","0.1","INDEX","-"
"SCHEDULER$_CHAIN_PK","0.1","INDEX","-"
"SCHEDULER$_CLASS_PK","0.1","INDEX","-"
"SCHEDULER$_EVTQ_SUB","0.1","TABLE","0"
"SCHEDULER$_FW_RS_PK","0.1","INDEX","-"
"SCHEDULER$_LWJOB_PK","0.1","INDEX","-"
"SCHEDULER$_QINFO_PK","0.1","INDEX","-"
"SCHEDULER$_SCHEDULE","0.1","TABLE","3"
"SCHEDULER$_SRCQ_MAP","0.1","TABLE","0"
"TABLE_PRIVILEGE_MAP","0.1","TABLE","26"
"UTL_RECOMP_COMPILED","0.1","TABLE","0"
"XS$SESSION_APPNS_I1","0.1","INDEX","-"
"XS$SESSION_ROLES_I1","0.1","INDEX","-"
"XSTREAM$_PARAMETERS","0.1","TABLE","0"
"APPLY$_DEST_OBJ_CMAP","0.1","TABLE","0"
"APPLY$_ERROR_HANDLER","0.1","TABLE","0"
"APPLY$_SOURCE_SCHEMA","0.1","TABLE","0"
"AQ$_AQ_EVENT_TABLE_I","0.1","INDEX","-"
"AQ$_AQ_EVENT_TABLE_T","0.1","INDEX","-"
"AQ$_PENDING_MESSAGES","0.1","TABLE","0"
"AQ$_QUEUE_STATISTICS","0.1","TABLE","0"
"AQ$_SUBSCRIBER_TABLE","0.1","TABLE","1"
"CDC_PROPAGATED_SETS$","0.1","TABLE","0"
"DAM_CONFIG_PARAM_UK1","0.1","INDEX","-"
"DAM_LAST_ARCH_TS_UK1","0.1","INDEX","-"
"FGR$_TABLESPACE_INFO","0.1","TABLE","0"
"HS_BULKLOAD_VIEW_OBJ","0.1","TABLE","0"
"I1_CHNF$_QUERY_BINDS","0.1","INDEX","-"
"I1_CHNF$_REG_QUERIES","0.1","INDEX","-"
"I2_CHNF$_REG_QUERIES","0.1","INDEX","-"
"I_CDC_CHANGE_TABLES$","0.1","INDEX","-"
"I_INDCOMPART_BOPART$","0.1","INDEX","-"
"I_OLAP_IMPL_OPTIONS$","0.1","INDEX","-"
"I_OLAP_MULTI_OPTIONS","0.1","INDEX","-"
"I_PROXY_ROLE_DATA$_1","0.1","INDEX","-"
"I_PROXY_ROLE_DATA$_2","0.1","INDEX","-"
"I_PROXY_ROLE_INFO$_1","0.1","INDEX","-"
"I_PROXY_ROLE_INFO$_2","0.1","INDEX","-"
"I_REPCAT$_SNAPGROUP1","0.1","INDEX","-"
"I_TABCOMPART_BOPART$","0.1","INDEX","-"
"I_XSTREAM_PARAMETERS","0.1","INDEX","-"
"KUPC$DATAPUMP_QUETAB","0.1","TABLE","-"
"MVIEW$_ADV_BASETABLE","0.1","TABLE","0"
"MVIEW$_ADV_CLIQUE_PK","0.1","INDEX","-"
"MVIEW$_ADV_FILTER_PK","0.1","INDEX","-"
"MVIEW$_ADV_OUTPUT_PK","0.1","INDEX","-"
"MVIEW$_ADV_ROLLUP_PK","0.1","INDEX","-"
"MVIEW$_ADV_SQLDEPEND","0.1","TABLE","0"
"OLAP_DIMENSIONALITY$","0.1","TABLE","0"
"REGISTRY_PROGRESS_PK","0.1","INDEX","-"
"REPCAT$_AUDIT_COLUMN","0.1","TABLE","0"
"REPCAT$_COLUMN_GROUP","0.1","TABLE","0"
"REPCAT$_FLAVORS_UNQ1","0.1","INDEX","-"
"REPCAT$_GENERATED_N1","0.1","INDEX","-"
"REPCAT$_OBJECT_PARMS","0.1","TABLE","0"
"REPCAT$_OBJECT_TYPES","0.1","TABLE","28"
"REPCAT$_REPCOLUMN_PK","0.1","INDEX","-"
"REPCAT$_SITES_NEW_PK","0.1","INDEX","-"
"REPCAT$_SITE_OBJECTS","0.1","TABLE","0"
"RESOURCE_CAPABILITY$","0.1","TABLE","1"
"SCHEDULER$_ATTRIB_PK","0.1","INDEX","-"
"SCHEDULER$_LWJOB_OBJ","0.1","TABLE","0"
"SCHEDULER$_SRCQ_INFO","0.1","TABLE","0"
"SCHEDULER$_WINDOW_PK","0.1","INDEX","-"
"STREAMS$_DEST_OBJS_I","0.1","INDEX","-"
"STREAMS$_EXTRA_ATTRS","0.1","TABLE","0"
"STREAMS$_KEY_COLUMNS","0.1","TABLE","0"
"STREAMS$_PREPARE_DDL","0.1","TABLE","0"
"STREAMS$_SPLIT_MERGE","0.1","TABLE","0"
"SYSTEM_PRIVILEGE_MAP","0.1","TABLE","208"
"TEMPLATE$_TARGETS_PK","0.1","INDEX","-"
"UTL_RECOMP_SORT_IDX1","0.1","INDEX","-"
"XDB_INSTALLATION_TAB","0.1","TABLE","146"
"XSTREAM$_SYSGEN_OBJS","0.1","TABLE","0"
"DEF$_CALLDEST_PRIMARY","0.1","INDEX","-"
"FGR$_FILE_GROUP_FILES","0.1","TABLE","0"
"HS$_PARALLEL_METADATA","0.1","TABLE","0"
"HS_PARTITION_COL_NAME","0.1","NESTED TABLE","-"
"HS_PARTITION_COL_TYPE","0.1","NESTED TABLE","-"
"I1_CHNF$_QUERY_OBJECT","0.1","INDEX","-"
"I2_CHNF$_QUERY_OBJECT","0.1","INDEX","-"
"I_APPLY_DEST_OBJ_OPS1","0.1","INDEX","-"
"I_CDC_CHANGE_COLUMNS$","0.1","INDEX","-"
"I_CDC_CHANGE_SOURCES$","0.1","INDEX","-"
"I_EXTERNAL_LOCATION1$","0.1","INDEX","-"
"I_OLAP_MODEL_PARENTS$","0.1","INDEX","-"
"I_STREAMS_KEY_COLUMNS","0.1","INDEX","-"
"I_STREAMS_PREPARE_DDL","0.1","INDEX","-"
"I_STREAMS_SPLIT_MERGE","0.1","INDEX","-"
"I_SUMPARTLOG$_BOPART$","0.1","INDEX","-"
"I_TABLE_PRIVILEGE_MAP","0.1","INDEX","-"
"LOGMNR_PARAMETER_INDX","0.1","INDEX","-"
"MVIEW$_ADV_EXCEPTIONS","0.1","TABLE","0"
"MVIEW$_ADV_JOURNAL_PK","0.1","INDEX","-"
"MVIEW$_ADV_PARAMETERS","0.1","TABLE","40"
"OLAP_AW_VIEW_COLUMNS$","0.1","TABLE","0"
"OLAP_CUBE_DIMENSIONS$","0.1","TABLE","0"
"OLAP_MEASURE_FOLDERS$","0.1","TABLE","0"
"OPTSTAT_HIST_CONTROL$","0.1","TABLE","18"
"PENDING_SUB_SESSIONS$","0.1","TABLE","0"
"REGISTRY$DEPENDENCIES","0.1","TABLE","2"
"REPCAT$_EXCEPTIONS_PK","0.1","INDEX","-"
"REPCAT$_FLAVORS_FNAME","0.1","INDEX","-"
"REPCAT$_FLAVORS_GNAME","0.1","INDEX","-"
"REPCAT$_RESOLUTION_PK","0.1","INDEX","-"
"REPCAT$_RUNTIME_PARMS","0.1","TABLE","0"
"SCHEDULER$_CREDENTIAL","0.1","TABLE","0"
"SCHEDULER$_EVENT_QTAB","0.1","TABLE","-"
"SCHEDULER$_JOBDEST_PK","0.1","INDEX","-"
"SCHEDULER$_JOB_ARG_PK","0.1","INDEX","-"
"SCHEDULER$_PROGRAM_PK","0.1","INDEX","-"
"SCHEDULER$_REMOTE_DBS","0.1","TABLE","0"
"SCHEDULER$_SAVED_OIDS","0.1","TABLE","1"
"STMT_AUDIT_OPTION_MAP","0.1","TABLE","270"
"SYS_FBA_TRACKEDTABLES","0.1","TABLE","1"
"WRI$_SQLSET_WORKSPACE","0.1","TABLE","0"
"XSTREAM$_SUBSET_RULES","0.1","TABLE","0"
"APPLY$_CHANGE_HANDLERS","0.1","TABLE","0"
"AQ$_PENDING_MESSAGES_I","0.1","INDEX","-"
"AQ$_PROPAGATION_STATUS","0.1","TABLE","0"
"AQ$_QUEUE_STATITICS_PK","0.1","INDEX","-"
"AQ$_SUBSCRIBER_TABLE_I","0.1","INDEX","-"
"CDC_SUBSCRIBED_TABLES$","0.1","TABLE","0"
"GOLDENGATE$_PRIVILEGES","0.1","TABLE","0"
"HS$_FDS_CLASS_DATE_UK1","0.1","INDEX","-"
"INVALIDATION_REGISTRY$","0.1","TABLE","0"
"I_APPLY_DEST_OBJ_CMAP1","0.1","INDEX","-"
"I_APPLY_SOURCE_SCHEMA1","0.1","INDEX","-"
"I_CDC_PROPAGATED_SETS$","0.1","INDEX","-"
"I_OLAP_DIMENSIONALITY$","0.1","INDEX","-"
"I_OLAP_MEASURES_INDEX$","0.1","INDEX","-"
"I_STREAMS_EXTRA_ATTRS1","0.1","INDEX","-"
"I_SYSTEM_PRIVILEGE_MAP","0.1","INDEX","-"
"I_XSTREAM_SUBSET_RULES","0.1","INDEX","-"
"I_XSTREAM_SYSGEN_OBJS1","0.1","INDEX","-"
"I_XSTREAM_SYSGEN_OBJS2","0.1","INDEX","-"
"MVIEW$_ADV_ELIGIBLE_PK","0.1","INDEX","-"
"MVIEW$_ADV_TEMP_IDX_01","0.1","INDEX","-"
"MVIEW$_ADV_WORKLOAD_PK","0.1","INDEX","-"
"REPCAT$_FLAVOR_OBJECTS","0.1","TABLE","0"
"REPCAT$_GROUPED_COLUMN","0.1","TABLE","0"
"REPCAT$_OBJECT_TYPE_PK","0.1","INDEX","-"
"REPCAT$_PRIORITY_GROUP","0.1","TABLE","0"
"REPCAT$_REPCAT_PRIMARY","0.1","INDEX","-"
"REPCAT$_REPGEN_PRIMARY","0.1","INDEX","-"
"REPCAT$_REPGROUP_PRIVS","0.1","TABLE","0"
"REPCAT$_TEMPLATE_PARMS","0.1","TABLE","0"
"REPCAT$_TEMPLATE_SITES","0.1","TABLE","0"
"REPCAT$_TEMPLATE_TYPES","0.1","TABLE","2"
"RESOURCE_IO_CALIBRATE$","0.1","TABLE","0"
"SCHEDULER$_EVTQ_SUB_PK","0.1","INDEX","-"
"SCHEDULER$_SCHEDULE_PK","0.1","INDEX","-"
"SCHEDULER$_SRCQ_MAP_PK","0.1","INDEX","-"
"STREAMS$_APPLY_PROCESS","0.1","TABLE","0"
"STREAMS$_DEST_OBJ_COLS","0.1","TABLE","0"
"STREAMS$_MESSAGE_RULES","0.1","TABLE","0"
"STREAMS$_STMT_HANDLERS","0.1","TABLE","0"
"APPLY$_VIRTUAL_OBJ_CONS","0.1","TABLE","0"
"CDC_SUBSCRIBED_COLUMNS$","0.1","TABLE","0"
"CHNF$_CLAUSE_DEPENDENTS","0.1","TABLE","0"
"DEF$_PROPAGATOR_PRIMARY","0.1","INDEX","-"
"HS_PARALLEL_METADATA_PK","0.1","INDEX","-"
"I_APPLY_CHANGE_HANDLERS","0.1","INDEX","-"
"I_FGR$_TABLESPACE_INFO1","0.1","INDEX","-"
"I_FGR$_TABLESPACE_INFO2","0.1","INDEX","-"
"I_LOBCOMPPART$_PARTOBJ$","0.1","INDEX","-"
"I_LOBCOMPPART_LOBJPART$","0.1","INDEX","-"
"I_OLAP_AW_VIEW_COLUMNS$","0.1","INDEX","-"
"I_OLAP_CUBE_DIMENSIONS$","0.1","INDEX","-"
"I_OLAP_MEASURE_FOLDERS$","0.1","INDEX","-"
"I_SQL_VERSION$_VERSION#","0.1","INDEX","-"
"I_STMT_AUDIT_OPTION_MAP","0.1","INDEX","-"
"I_STREAMS_MESSAGE_RULES","0.1","INDEX","-"
"I_STREAMS_STMT_HANDLERS","0.1","INDEX","-"
"LOGMNRG_LOGMNR_BUILDLOG","0.1","TABLE","0"
"OLAP_MODEL_ASSIGNMENTS$","0.1","TABLE","0"
"REPCAT$_AUDIT_ATTRIBUTE","0.1","TABLE","2"
"REPCAT$_AUDIT_COLUMN_PK","0.1","INDEX","-"
"REPCAT$_COLUMN_GROUP_PK","0.1","INDEX","-"
"REPCAT$_FLAVORS_FK1_IDX","0.1","INDEX","-"
"REPCAT$_OBJECT_PARMS_N2","0.1","INDEX","-"
"REPCAT$_OBJECT_PARMS_PK","0.1","INDEX","-"
"REPCAT$_PRIORITY_F1_IDX","0.1","INDEX","-"
"REPCAT$_REPCATLOG_GNAME","0.1","INDEX","-"
"REPCAT$_REPGEN_PRNT_IDX","0.1","INDEX","-"
"REPCAT$_REPOBJECT_GNAME","0.1","INDEX","-"
"REPCAT$_REPPROP_PRIMARY","0.1","INDEX","-"
"REPCAT$_RESOLUTION_IDX2","0.1","INDEX","-"
"REPCAT$_RESOL_METHOD_PK","0.1","INDEX","-"
"REPCAT$_SITE_OBJECTS_N1","0.1","INDEX","-"
"REPCAT$_SITE_OBJECTS_U1","0.1","INDEX","-"
"REPCAT$_TEMPLATE_STATUS","0.1","TABLE","3"
"RESOURCE_GROUP_MAPPING$","0.1","TABLE","5"
"SCHEDULER$_DESTINATIONS","0.1","TABLE","2"
"SCHEDULER$_FILE_WATCHER","0.1","TABLE","0"
"SCHEDULER$_JOB_ARGUMENT","0.1","TABLE","4"
"SCHEDULER$_NOTIFICATION","0.1","TABLE","0"
"SCHEDULER$_WINDOW_GROUP","0.1","TABLE","4"
"SQLPLUS_PRODUCT_PROFILE","0.1","TABLE","0"
"STREAMS$_CAPTURE_SERVER","0.1","TABLE","0"
"STREAMS$_PREPARE_OBJECT","0.1","TABLE","0"
"STREAMS$_PROCESS_PARAMS","0.1","TABLE","0"
"SYS_FK0000007778N00005$","0.1","INDEX","-"
"SYS_FK0000007786N00008$","0.1","INDEX","-"
"SYS_FK0000007808N00028$","0.1","INDEX","-"
"SYS_FK0000012483N00046$","0.1","INDEX","-"
"SYS_FK0000012517N00035$","0.1","INDEX","-"
"SYS_FK0000012719N00017$","0.1","INDEX","-"
"SYS_FK0000012719N00019$","0.1","INDEX","-"
"SYS_FK0000012940N00081$","0.1","INDEX","-"
"SYS_FK0000012940N00153$","0.1","INDEX","-"
"SYS_FK0000012940N00157$","0.1","INDEX","-"
"TXN_BACKOUT_STATE_IDX1$","0.1","INDEX","-"
"TXN_BACKOUT_STATE_IDX2$","0.1","INDEX","-"
"TXN_BACKOUT_STATE_IDX3$","0.1","INDEX","-"
"APPLY$_CONF_HDLR_COLUMNS","0.1","TABLE","0"
"APPLY$_ERROR_HANDLER_UNQ","0.1","INDEX","-"
"AQ$_INTERNET_AGENT_PRIVS","0.1","TABLE","3"
"AQ$_QTABLE_AFFINITIES_PK","0.1","INDEX","-"
"AQ$_QUEUE_TABLES_PRIMARY","0.1","INDEX","-"
"CHNF$_QUERY_DEPENDENCIES","0.1","TABLE","0"
"DEF$_DEFAULTDEST_PRIMARY","0.1","INDEX","-"
"DEF$_DESTINATION_PRIMARY","0.1","INDEX","-"
"DEF$_PUSHED_TRANSACTIONS","0.1","TABLE","0"
"DEF$_PUSHED_TRAN_PRIMARY","0.1","INDEX","-"
"FGR$_FILE_GROUP_VERSIONS","0.1","TABLE","0"
"GOLDENGATE$_PRIVILEGES_I","0.1","INDEX","-"
"HS$_PARALLEL_SAMPLE_DATA","0.1","TABLE","0"
"I_APPLY_VIRTUAL_OBJ_CONS","0.1","INDEX","-"
"I_CDC_SUBSCRIBED_TABLES$","0.1","INDEX","-"
"I_FGR$_FILE_GROUP_FILES1","0.1","INDEX","-"
"I_FGR$_FILE_GROUP_FILES2","0.1","INDEX","-"
"I_INVALIDATION_REGISTRY$","0.1","INDEX","-"
"I_LOBFRAG_PARENTOBJFRAG$","0.1","INDEX","-"
"I_OLAP_MODEL_ASSIGNMENT$","0.1","INDEX","-"
"I_STREAMS_APPLY_PROCESS1","0.1","INDEX","-"
"I_STREAMS_APPLY_PROCESS2","0.1","INDEX","-"
"I_STREAMS_APPLY_PROCESS3","0.1","INDEX","-"
"I_STREAMS_CAPTURE_SERVER","0.1","INDEX","-"
"MVIEW$_ADV_PARAMETERS_PK","0.1","INDEX","-"
"MVIEW$_ADV_PRETTY_IDX_01","0.1","INDEX","-"
"OLAP_CALCULATED_MEMBERS$","0.1","TABLE","0"
"REPCAT$_PARAMETER_COLUMN","0.1","TABLE","0"
"REPCAT$_REPCOLUMN_FK_IDX","0.1","INDEX","-"
"REPCAT$_REPPROP_PRNT_IDX","0.1","INDEX","-"
"REPCAT$_RUNTIME_PARMS_PK","0.1","INDEX","-"
"REPCAT$_TEMPLATE_OBJECTS","0.1","TABLE","0"
"REPCAT$_TEMPLATE_TARGETS","0.1","TABLE","0"
"REPCAT$_USER_PARM_VALUES","0.1","TABLE","0"
"RESOURCE_CONSUMER_GROUP$","0.1","TABLE","25"
"RESOURCE_PLAN_DIRECTIVE$","0.1","TABLE","48"
"SCHEDULER$_CREDENTIAL_PK","0.1","INDEX","-"
"SCHEDULER$_REMDB_JOBQTAB","0.1","TABLE","-"
"SCHEDULER$_WINGRP_MEMBER","0.1","TABLE","28"
"SCHEDULER_FILEWATCHER_QT","0.1","TABLE","-"
"SMON_SCN_TO_TIME_AUX_IDX","0.1","INDEX","-"
"STREAMS$_APPLY_MILESTONE","0.1","TABLE","0"
"STREAMS$_CAPTURE_PROCESS","0.1","TABLE","0"
"STREAMS$_DEST_OBJ_COLS_I","0.1","INDEX","-"
"STREAMS$_PRIVILEGED_USER","0.1","TABLE","0"
"SYS_IL0000000109C00005$$","0.1","LOBINDEX","-"
"SYS_IL0000000123C00003$$","0.1","LOBINDEX","-"
"SYS_IL0000000155C00003$$","0.1","LOBINDEX","-"
"SYS_IL0000000182C00017$$","0.1","LOBINDEX","-"
"SYS_IL0000000242C00003$$","0.1","LOBINDEX","-"
"SYS_IL0000000384C00040$$","0.1","LOBINDEX","-"
"SYS_IL0000000384C00041$$","0.1","LOBINDEX","-"
"SYS_IL0000000394C00013$$","0.1","LOBINDEX","-"
"SYS_IL0000000394C00028$$","0.1","LOBINDEX","-"
"SYS_IL0000000451C00021$$","0.1","LOBINDEX","-"
"SYS_IL0000000520C00002$$","0.1","LOBINDEX","-"
"SYS_IL0000000524C00002$$","0.1","LOBINDEX","-"
"SYS_IL0000000528C00002$$","0.1","LOBINDEX","-"
"SYS_IL0000000532C00002$$","0.1","LOBINDEX","-"
"SYS_IL0000000536C00002$$","0.1","LOBINDEX","-"
"SYS_IL0000000540C00002$$","0.1","LOBINDEX","-"
"SYS_IL0000000568C00026$$","0.1","LOBINDEX","-"
"SYS_IL0000000573C00028$$","0.1","LOBINDEX","-"
"SYS_IL0000000580C00026$$","0.1","LOBINDEX","-"
"SYS_IL0000000585C00026$$","0.1","LOBINDEX","-"
"SYS_IL0000000590C00034$$","0.1","LOBINDEX","-"
"SYS_IL0000000595C00034$$","0.1","LOBINDEX","-"
"SYS_IL0000000607C00008$$","0.1","LOBINDEX","-"
"SYS_IL0000000631C00048$$","0.1","LOBINDEX","-"
"SYS_IL0000000631C00049$$","0.1","LOBINDEX","-"
"SYS_IL0000000715C00013$$","0.1","LOBINDEX","-"
"SYS_IL0000000715C00014$$","0.1","LOBINDEX","-"
"SYS_IL0000000715C00015$$","0.1","LOBINDEX","-"
"SYS_IL0000000749C00002$$","0.1","LOBINDEX","-"
"SYS_IL0000000757C00013$$","0.1","LOBINDEX","-"
"SYS_IL0000000803C00007$$","0.1","LOBINDEX","-"
"SYS_IL0000000857C00011$$","0.1","LOBINDEX","-"
"SYS_IL0000000857C00020$$","0.1","LOBINDEX","-"
"SYS_IL0000000863C00007$$","0.1","LOBINDEX","-"
"SYS_IL0000000863C00019$$","0.1","LOBINDEX","-"
"SYS_IL0000000871C00003$$","0.1","LOBINDEX","-"
"SYS_IL0000000871C00004$$","0.1","LOBINDEX","-"
"SYS_IL0000000871C00005$$","0.1","LOBINDEX","-"
"SYS_IL0000000871C00012$$","0.1","LOBINDEX","-"
"SYS_IL0000000871C00013$$","0.1","LOBINDEX","-"
"SYS_IL0000000883C00006$$","0.1","LOBINDEX","-"
"SYS_IL0000000883C00007$$","0.1","LOBINDEX","-"
"SYS_IL0000000883C00015$$","0.1","LOBINDEX","-"
"SYS_IL0000000883C00016$$","0.1","LOBINDEX","-"
"SYS_IL0000000936C00005$$","0.1","LOBINDEX","-"
"SYS_IL0000000981C00030$$","0.1","LOBINDEX","-"
"SYS_IL0000000981C00031$$","0.1","LOBINDEX","-"
"SYS_IL0000001041C00003$$","0.1","LOBINDEX","-"
"SYS_IL0000001051C00003$$","0.1","LOBINDEX","-"
"SYS_IL0000001065C00007$$","0.1","LOBINDEX","-"
"SYS_IL0000001065C00008$$","0.1","LOBINDEX","-"
"SYS_IL0000001262C00005$$","0.1","LOBINDEX","-"
"SYS_IL0000001262C00006$$","0.1","LOBINDEX","-"
"SYS_IL0000005176C00004$$","0.1","LOBINDEX","-"
"SYS_IL0000005198C00002$$","0.1","LOBINDEX","-"
"SYS_IL0000005198C00005$$","0.1","LOBINDEX","-"
"SYS_IL0000005490C00004$$","0.1","LOBINDEX","-"
"SYS_IL0000005490C00005$$","0.1","LOBINDEX","-"
"SYS_IL0000005490C00007$$","0.1","LOBINDEX","-"
"SYS_IL0000005502C00003$$","0.1","LOBINDEX","-"
"SYS_IL0000005502C00005$$","0.1","LOBINDEX","-"
"SYS_IL0000005665C00011$$","0.1","LOBINDEX","-"
"SYS_IL0000005687C00012$$","0.1","LOBINDEX","-"
"SYS_IL0000005938C00006$$","0.1","LOBINDEX","-"
"SYS_IL0000005947C00006$$","0.1","LOBINDEX","-"
"SYS_IL0000006251C00005$$","0.1","LOBINDEX","-"
"SYS_IL0000006251C00008$$","0.1","LOBINDEX","-"
"SYS_IL0000006251C00010$$","0.1","LOBINDEX","-"
"SYS_IL0000006939C00003$$","0.1","LOBINDEX","-"
"SYS_IL0000006939C00004$$","0.1","LOBINDEX","-"
"SYS_IL0000006939C00005$$","0.1","LOBINDEX","-"
"SYS_IL0000007295C00006$$","0.1","LOBINDEX","-"
"SYS_IL0000007308C00004$$","0.1","LOBINDEX","-"
"SYS_IL0000007323C00004$$","0.1","LOBINDEX","-"
"SYS_IL0000007349C00003$$","0.1","LOBINDEX","-"
"SYS_IL0000007360C00003$$","0.1","LOBINDEX","-"
"SYS_IL0000007367C00002$$","0.1","LOBINDEX","-"
"SYS_IL0000007769C00011$$","0.1","LOBINDEX","-"
"SYS_IL0000007800C00007$$","0.1","LOBINDEX","-"
"SYS_IL0000007808C00007$$","0.1","LOBINDEX","-"
"SYS_IL0000011437C00013$$","0.1","LOBINDEX","-"
"SYS_IL0000012455C00050$$","0.1","LOBINDEX","-"
"SYS_IL0000012483C00031$$","0.1","LOBINDEX","-"
"SYS_IL0000012483C00061$$","0.1","LOBINDEX","-"
"SYS_IL0000012484C00004$$","0.1","LOBINDEX","-"
"SYS_IL0000012517C00037$$","0.1","LOBINDEX","-"
"SYS_IL0000012729C00004$$","0.1","LOBINDEX","-"
"SYS_IL0000012729C00005$$","0.1","LOBINDEX","-"
"SYS_IL0000012748C00028$$","0.1","LOBINDEX","-"
"SYS_IL0000012748C00029$$","0.1","LOBINDEX","-"
"SYS_IL0000012774C00045$$","0.1","LOBINDEX","-"
"SYS_IL0000012774C00047$$","0.1","LOBINDEX","-"
"SYS_IL0000012786C00032$$","0.1","LOBINDEX","-"
"SYS_IL0000012940C00036$$","0.1","LOBINDEX","-"
"SYS_IL0000012940C00078$$","0.1","LOBINDEX","-"
"SYS_IL0000012940C00080$$","0.1","LOBINDEX","-"
"SYS_IL0000012940C00098$$","0.1","LOBINDEX","-"
"SYS_IL0000012940C00114$$","0.1","LOBINDEX","-"
"SYS_IL0000012940C00155$$","0.1","LOBINDEX","-"
"SYS_IL0000012940C00156$$","0.1","LOBINDEX","-"
"SYS_IL0000012940C00159$$","0.1","LOBINDEX","-"
"SYS_IL0000012940C00166$$","0.1","LOBINDEX","-"
"SYS_IL0000013050C00025$$","0.1","LOBINDEX","-"
"SYS_IL0000013061C00025$$","0.1","LOBINDEX","-"
"WRI$_ALERT_THRESHOLD_LOG","0.1","TABLE","0"
"APPLY$_CONSTRAINT_COLUMNS","0.1","TABLE","0"
"I1_DBFS_HS$_STORECOMMANDS","0.1","INDEX","-"
"I1_QUEUE_TABLE_AFFINITIES","0.1","INDEX","-"
"I_CDC_SUBSCRIBED_COLUMNS$","0.1","INDEX","-"
"I_INDSUBPART_POBJSUBPART$","0.1","INDEX","-"
"I_SCHEDULER_JOB_ARGUMENT1","0.1","INDEX","-"
"I_SCHEDULER_NOTIFICATION1","0.1","INDEX","-"
"I_SCHEDULER_NOTIFICATION2","0.1","INDEX","-"
"I_SCHEDULER_NOTIFICATION3","0.1","INDEX","-"
"I_STREAMS_PROCESS_PARAMS1","0.1","INDEX","-"
"I_TABSUBPART_POBJSUBPART$","0.1","INDEX","-"
"MVIEW$_ADV_FILTERINSTANCE","0.1","TABLE","0"
"REPCAT$_FLAVOR_OBJECTS_FG","0.1","INDEX","-"
"REPCAT$_FLAVOR_OBJECTS_PK","0.1","INDEX","-"
"REPCAT$_GROUPED_COLUMN_PK","0.1","INDEX","-"
"REPCAT$_INSTANTIATION_DDL","0.1","TABLE","0"
"REPCAT$_PRIORITY_GROUP_PK","0.1","INDEX","-"
"REPCAT$_PRIORITY_GROUP_U1","0.1","INDEX","-"
"REPCAT$_REFRESH_TEMPLATES","0.1","TABLE","0"
"REPCAT$_REPCATLOG_PRIMARY","0.1","INDEX","-"
"REPCAT$_REPGROUP_PRIVS_N1","0.1","INDEX","-"
"REPCAT$_REPGROUP_PRIVS_UK","0.1","INDEX","-"
"REPCAT$_REPOBJECT_PRIMARY","0.1","INDEX","-"
"REPCAT$_REPPROP_KEY_INDEX","0.1","INDEX","-"
"REPCAT$_REPPROP_PRNT2_IDX","0.1","INDEX","-"
"REPCAT$_REPSCHEMA_PRIMARY","0.1","INDEX","-"
"REPCAT$_RESOLUTION_F3_IDX","0.1","INDEX","-"
"REPCAT$_RESOLUTION_METHOD","0.1","TABLE","19"
"REPCAT$_SITES_NEW_FK1_IDX","0.1","INDEX","-"
"REPCAT$_SITES_NEW_FK2_IDX","0.1","INDEX","-"
"REPCAT$_TEMPLATE_PARMS_PK","0.1","INDEX","-"
"REPCAT$_TEMPLATE_PARMS_U1","0.1","INDEX","-"
"REPCAT$_TEMPLATE_SITES_PK","0.1","INDEX","-"
"REPCAT$_TEMPLATE_SITES_U1","0.1","INDEX","-"
"REPCAT$_TEMPLATE_TYPES_PK","0.1","INDEX","-"
"SCHEDULER$_PROGRAM_ARG_PK","0.1","INDEX","-"
"SYS_LOB0000000109C00005$$","0.1","LOBSEGMENT","-"
"SYS_LOB0000000123C00003$$","0.1","LOBSEGMENT","-"
"SYS_LOB0000000155C00003$$","0.1","LOBSEGMENT","-"
"SYS_LOB0000000182C00017$$","0.1","LOBSEGMENT","-"
"SYS_LOB0000000384C00040$$","0.1","LOBSEGMENT","-"
"SYS_LOB0000000384C00041$$","0.1","LOBSEGMENT","-"
"SYS_LOB0000000394C00013$$","0.1","LOBSEGMENT","-"
"SYS_LOB0000000394C00028$$","0.1","LOBSEGMENT","-"
"SYS_LOB0000000451C00021$$","0.1","LOBSEGMENT","-"
"SYS_LOB0000000524C00002$$","0.1","LOBSEGMENT","-"
"SYS_LOB0000000528C00002$$","0.1","LOBSEGMENT","-"
"SYS_LOB0000000532C00002$$","0.1","LOBSEGMENT","-"
"SYS_LOB0000000536C00002$$","0.1","LOBSEGMENT","-"
"SYS_LOB0000000540C00002$$","0.1","LOBSEGMENT","-"
"SYS_LOB0000000568C00026$$","0.1","LOBSEGMENT","-"
"SYS_LOB0000000573C00028$$","0.1","LOBSEGMENT","-"
"SYS_LOB0000000580C00026$$","0.1","LOBSEGMENT","-"
"SYS_LOB0000000585C00026$$","0.1","LOBSEGMENT","-"
"SYS_LOB0000000590C00034$$","0.1","LOBSEGMENT","-"
"SYS_LOB0000000595C00034$$","0.1","LOBSEGMENT","-"
"SYS_LOB0000000607C00008$$","0.1","LOBSEGMENT","-"
"SYS_LOB0000000631C00048$$","0.1","LOBSEGMENT","-"
"SYS_LOB0000000631C00049$$","0.1","LOBSEGMENT","-"
"SYS_LOB0000000715C00013$$","0.1","LOBSEGMENT","-"
"SYS_LOB0000000715C00014$$","0.1","LOBSEGMENT","-"
"SYS_LOB0000000715C00015$$","0.1","LOBSEGMENT","-"
"SYS_LOB0000000749C00002$$","0.1","LOBSEGMENT","-"
"SYS_LOB0000000757C00013$$","0.1","LOBSEGMENT","-"
"SYS_LOB0000000803C00007$$","0.1","LOBSEGMENT","-"
"SYS_LOB0000000857C00011$$","0.1","LOBSEGMENT","-"
"SYS_LOB0000000857C00020$$","0.1","LOBSEGMENT","-"
"SYS_LOB0000000863C00007$$","0.1","LOBSEGMENT","-"
"SYS_LOB0000000863C00019$$","0.1","LOBSEGMENT","-"
"SYS_LOB0000000871C00003$$","0.1","LOBSEGMENT","-"
"SYS_LOB0000000871C00004$$","0.1","LOBSEGMENT","-"
"SYS_LOB0000000871C00005$$","0.1","LOBSEGMENT","-"
"SYS_LOB0000000871C00012$$","0.1","LOBSEGMENT","-"
"SYS_LOB0000000871C00013$$","0.1","LOBSEGMENT","-"
"SYS_LOB0000000883C00006$$","0.1","LOBSEGMENT","-"
"SYS_LOB0000000883C00007$$","0.1","LOBSEGMENT","-"
"SYS_LOB0000000883C00015$$","0.1","LOBSEGMENT","-"
"SYS_LOB0000000883C00016$$","0.1","LOBSEGMENT","-"
"SYS_LOB0000000936C00005$$","0.1","LOBSEGMENT","-"
"SYS_LOB0000000981C00030$$","0.1","LOBSEGMENT","-"
"SYS_LOB0000000981C00031$$","0.1","LOBSEGMENT","-"
"SYS_LOB0000001041C00003$$","0.1","LOBSEGMENT","-"
"SYS_LOB0000001065C00007$$","0.1","LOBSEGMENT","-"
"SYS_LOB0000001065C00008$$","0.1","LOBSEGMENT","-"
"SYS_LOB0000001262C00005$$","0.1","LOBSEGMENT","-"
"SYS_LOB0000001262C00006$$","0.1","LOBSEGMENT","-"
"SYS_LOB0000005176C00004$$","0.1","LOBSEGMENT","-"
"SYS_LOB0000005198C00002$$","0.1","LOBSEGMENT","-"
"SYS_LOB0000005198C00005$$","0.1","LOBSEGMENT","-"
"SYS_LOB0000005490C00004$$","0.1","LOBSEGMENT","-"
"SYS_LOB0000005490C00005$$","0.1","LOBSEGMENT","-"
"SYS_LOB0000005490C00007$$","0.1","LOBSEGMENT","-"
"SYS_LOB0000005502C00003$$","0.1","LOBSEGMENT","-"
"SYS_LOB0000005502C00005$$","0.1","LOBSEGMENT","-"
"SYS_LOB0000005665C00011$$","0.1","LOBSEGMENT","-"
"SYS_LOB0000005687C00012$$","0.1","LOBSEGMENT","-"
"SYS_LOB0000005938C00006$$","0.1","LOBSEGMENT","-"
"SYS_LOB0000005947C00006$$","0.1","LOBSEGMENT","-"
"SYS_LOB0000006251C00005$$","0.1","LOBSEGMENT","-"
"SYS_LOB0000006251C00008$$","0.1","LOBSEGMENT","-"
"SYS_LOB0000006251C00010$$","0.1","LOBSEGMENT","-"
"SYS_LOB0000006939C00003$$","0.1","LOBSEGMENT","-"
"SYS_LOB0000006939C00004$$","0.1","LOBSEGMENT","-"
"SYS_LOB0000006939C00005$$","0.1","LOBSEGMENT","-"
"SYS_LOB0000007295C00006$$","0.1","LOBSEGMENT","-"
"SYS_LOB0000007308C00004$$","0.1","LOBSEGMENT","-"
"SYS_LOB0000007323C00004$$","0.1","LOBSEGMENT","-"
"SYS_LOB0000007349C00003$$","0.1","LOBSEGMENT","-"
"SYS_LOB0000007360C00003$$","0.1","LOBSEGMENT","-"
"SYS_LOB0000007367C00002$$","0.1","LOBSEGMENT","-"
"SYS_LOB0000007769C00011$$","0.1","LOBSEGMENT","-"
"SYS_LOB0000007800C00007$$","0.1","LOBSEGMENT","-"
"SYS_LOB0000007808C00007$$","0.1","LOBSEGMENT","-"
"SYS_LOB0000011437C00013$$","0.1","LOBSEGMENT","-"
"SYS_LOB0000012455C00050$$","0.1","LOBSEGMENT","-"
"SYS_LOB0000012483C00031$$","0.1","LOBSEGMENT","-"
"SYS_LOB0000012483C00061$$","0.1","LOBSEGMENT","-"
"SYS_LOB0000012484C00004$$","0.1","LOBSEGMENT","-"
"SYS_LOB0000012517C00037$$","0.1","LOBSEGMENT","-"
"SYS_LOB0000012729C00004$$","0.1","LOBSEGMENT","-"
"SYS_LOB0000012729C00005$$","0.1","LOBSEGMENT","-"
"SYS_LOB0000012748C00028$$","0.1","LOBSEGMENT","-"
"SYS_LOB0000012748C00029$$","0.1","LOBSEGMENT","-"
"SYS_LOB0000012774C00045$$","0.1","LOBSEGMENT","-"
"SYS_LOB0000012774C00047$$","0.1","LOBSEGMENT","-"
"SYS_LOB0000012786C00032$$","0.1","LOBSEGMENT","-"
"SYS_LOB0000012940C00036$$","0.1","LOBSEGMENT","-"
"SYS_LOB0000012940C00078$$","0.1","LOBSEGMENT","-"
"SYS_LOB0000012940C00080$$","0.1","LOBSEGMENT","-"
"SYS_LOB0000012940C00098$$","0.1","LOBSEGMENT","-"
"SYS_LOB0000012940C00114$$","0.1","LOBSEGMENT","-"
"SYS_LOB0000012940C00155$$","0.1","LOBSEGMENT","-"
"SYS_LOB0000012940C00156$$","0.1","LOBSEGMENT","-"
"SYS_LOB0000012940C00159$$","0.1","LOBSEGMENT","-"
"SYS_LOB0000012940C00166$$","0.1","LOBSEGMENT","-"
"SYS_LOB0000013050C00025$$","0.1","LOBSEGMENT","-"
"SYS_LOB0000013061C00025$$","0.1","LOBSEGMENT","-"
"AQ$_KUPC$DATAPUMP_QUETAB_L","0.1","TABLE","0"
"AQ$_KUPC$DATAPUMP_QUETAB_S","0.1","TABLE","1"
"AQ$_QUEUE_TABLE_AFFINITIES","0.1","TABLE","11"
"ATTRIBUTE_TRANSFORMATIONS$","0.1","TABLE","3"
"I1_CHNF$_CLAUSE_DEPENDENTS","0.1","INDEX","-"
"I1_DBFS_HS$_SFLOCATORTABLE","0.1","INDEX","-"
"I2_CHNF$_CLAUSE_DEPENDENTS","0.1","INDEX","-"
"I2_DBFS_HS$_SFLOCATORTABLE","0.1","INDEX","-"
"I_OLAP_CALCULATED_MEMBERS$","0.1","INDEX","-"
"I_SCHEDULER_WINGRP_MEMBER1","0.1","INDEX","-"
"I_SCHEDULER_WINGRP_MEMBER2","0.1","INDEX","-"
"I_SCHEDULER_WINGRP_MEMBER3","0.1","INDEX","-"
"I_STREAMS_APPLY_MILESTONE1","0.1","INDEX","-"
"I_STREAMS_CAPTURE_PROCESS1","0.1","INDEX","-"
"I_STREAMS_CAPTURE_PROCESS2","0.1","INDEX","-"
"I_STREAMS_PRIVILEGED_USER1","0.1","INDEX","-"
"I_STREAMS_STMT_HANDLER_IDS","0.1","INDEX","-"
"MVIEW$_ADV_WORKLOAD_IDX_01","0.1","INDEX","-"
"OLAP_ATTRIBUTE_VISIBILITY$","0.1","TABLE","0"
"OLAP_CUBE_BUILD_PROCESSES$","0.1","TABLE","0"
"OLAP_MEAS_FOLDER_CONTENTS$","0.1","TABLE","0"
"PK_DBMS_PARALLEL_EXECUTE_1","0.1","INDEX","-"
"REPCAT$_AUDIT_ATTRIBUTE_PK","0.1","INDEX","-"
"REPCAT$_REPOBJECT_PRNT_IDX","0.1","INDEX","-"
"REPCAT$_REPPROP_DBLINK_HOW","0.1","INDEX","-"
"REPCAT$_REPSCHEMA_DEST_IDX","0.1","INDEX","-"
"REPCAT$_REPSCHEMA_PRNT_IDX","0.1","INDEX","-"
"REPCAT$_TEMPLATE_REFGROUPS","0.1","TABLE","0"
"REPCAT$_TEMPLATE_STATUS_PK","0.1","INDEX","-"
"RESOURCE_MAPPING_PRIORITY$","0.1","TABLE","11"
"SCHEDULER$_EVENT_QTAB_HIST","0.1","INDEX","-"
"SCHEDULER$_LIGHTWEIGHT_JOB","0.1","TABLE","0"
"SCHEDULER$_WINDOW_GROUP_PK","0.1","INDEX","-"
"STREAMS$_APPLY_ERROR_IDX_2","0.1","INDEX","-"
"STREAMS$_MESSAGE_CONSUMERS","0.1","TABLE","0"
"TRANSACTION_BACKOUT_STATE$","0.1","TABLE","0"
"XSTREAM$_SERVER_CONNECTION","0.1","TABLE","0"
"_default_auditing_options_","0.1","TABLE","0"
"AQ$_SCHEDULER$_EVENT_QTAB_L","0.1","TABLE","0"
"AQ$_SCHEDULER$_EVENT_QTAB_S","0.1","TABLE","1"
"DBMS_PARALLEL_EXECUTE_TASK$","0.1","TABLE","0"
"FGR$_FILE_GROUP_EXPORT_INFO","0.1","TABLE","0"
"HS$_PARALLEL_HISTOGRAM_DATA","0.1","TABLE","0"
"HS$_PARALLEL_PARTITION_DATA","0.1","TABLE","0"
"I1_DBFS_HS$_BACKUPFILETABLE","0.1","INDEX","-"
"I1_DBFS_HS$_STOREPROPERTIES","0.1","INDEX","-"
"I2_DBFS_HS$_BACKUPFILETABLE","0.1","INDEX","-"
"I_FGR$_FILE_GROUP_VERSIONS1","0.1","INDEX","-"
"I_FGR$_FILE_GROUP_VERSIONS2","0.1","INDEX","-"
"I_FGR$_FILE_GROUP_VERSIONS3","0.1","INDEX","-"
"I_STREAMS_MESSAGE_CONSUMERS","0.1","INDEX","-"
"MVIEW$_ADV_BASETABLE_IDX_01","0.1","INDEX","-"
"MVIEW$_ADV_SQLDEPEND_IDX_01","0.1","INDEX","-"
"REPCAT$_AUDIT_COLUMN_F1_IDX","0.1","INDEX","-"
"REPCAT$_AUDIT_COLUMN_F2_IDX","0.1","INDEX","-"
"REPCAT$_KEY_COLUMNS_PRIMARY","0.1","INDEX","-"
"REPCAT$_PARAMETER_COLUMN_PK","0.1","INDEX","-"
"REPCAT$_RESOLUTION_STATS_N1","0.1","INDEX","-"
"REPCAT$_RESOL_STATS_CONTROL","0.1","TABLE","0"
"REPCAT$_RESOL_STATS_CTRL_PK","0.1","INDEX","-"
"REPCAT$_TEMPLATE_OBJECTS_N1","0.1","INDEX","-"
"REPCAT$_TEMPLATE_OBJECTS_N2","0.1","INDEX","-"
"REPCAT$_TEMPLATE_OBJECTS_PK","0.1","INDEX","-"
"REPCAT$_TEMPLATE_OBJECTS_U1","0.1","INDEX","-"
"REPCAT$_TEMPLATE_TARGETS_U1","0.1","INDEX","-"
"REPCAT$_USER_AUTHORIZATIONS","0.1","TABLE","0"
"REPCAT$_USER_PARM_VALUES_PK","0.1","INDEX","-"
"REPCAT$_USER_PARM_VALUES_U1","0.1","INDEX","-"
"SCHEDULER$_GLOBAL_ATTRIBUTE","0.1","TABLE","11"
"SCHEDULER$_JOB_DESTINATIONS","0.1","TABLE","0"
"SCHEDULER$_PROGRAM_ARGUMENT","0.1","TABLE","164"
"SCHEDULER$_REMOTE_JOB_STATE","0.1","TABLE","0"
"SCHEDULER$_RJOB_SRC_DB_INFO","0.1","TABLE","0"
"SCHEDULER$_WINGRP_MEMBER_UQ","0.1","INDEX","-"
"STREAMS$_INTERNAL_TRANSFORM","0.1","TABLE","0"
"STREAMS$_STMT_HANDLER_STMTS","0.1","TABLE","0"
"WRI$_ALERT_THRESHOLD_LOG_PK","0.1","INDEX","-"
"AQ$_SUBSCRIBER_TABLE_PRIMARY","0.1","INDEX","-"
"ATTRIBUTE_TRANSFORMATIONS_PK","0.1","INDEX","-"
"I_OLAP_ATTRIBUTE_VISIBILITY$","0.1","INDEX","-"
"I_OLAP_CUBE_BUILD_PROCESSES$","0.1","INDEX","-"
"I_OLAP_MEAS_FOLDER_CONTENTS$","0.1","INDEX","-"
"I_STREAMS_STMT_HANDLER_STMTS","0.1","INDEX","-"
"I_XSTREAM_DDL_CONFLICT_HDLR1","0.1","INDEX","-"
"I_XSTREAM_SERVER_CONNECTION1","0.1","INDEX","-"
"OLAP_AW_DEPLOYMENT_CONTROLS$","0.1","TABLE","0"
"REPCAT$_INSTANTIATION_DDL_PK","0.1","INDEX","-"
"REPCAT$_KEY_COLUMNS_PRNT_IDX","0.1","INDEX","-"
"REPCAT$_REFRESH_TEMPLATES_PK","0.1","INDEX","-"
"REPCAT$_REFRESH_TEMPLATES_U1","0.1","INDEX","-"
"STREAMS$_PROPAGATION_PROCESS","0.1","TABLE","0"
"APPLY$_CONF_HDLR_COLUMNS_UNQ1","0.1","INDEX","-"
"APPLY$_CONF_HDLR_COLUMNS_UNQ2","0.1","INDEX","-"
"DBMS_PARALLEL_EXECUTE_CHUNKS$","0.1","TABLE","0"
"I1_DBFS_HS$_STOREID2POLICYCTX","0.1","INDEX","-"
"I2_DBFS_HS$_STOREID2POLICYCTX","0.1","INDEX","-"
"I_SCHEDULER_PROGRAM_ARGUMENT1","0.1","INDEX","-"
"I_STREAMS_INTERNAL_TRANSFORM1","0.1","INDEX","-"
"REPCAT$_GROUPED_COLUMN_F1_IDX","0.1","INDEX","-"
"REPCAT$_PARAMETER_COLUMN_F1_I","0.1","INDEX","-"
"REPCAT$_REPGROUP_PRIVS_FK_IDX","0.1","INDEX","-"
"REPCAT$_RESOLUTION_STATISTICS","0.1","TABLE","0"
"REPCAT$_TEMPLATE_REFGROUPS_N1","0.1","INDEX","-"
"REPCAT$_TEMPLATE_REFGROUPS_N2","0.1","INDEX","-"
"REPCAT$_TEMPLATE_REFGROUPS_PK","0.1","INDEX","-"
"RESOURCE_INSTANCE_CAPABILITY$","0.1","TABLE","0"
"SCHEDULER$_FILEWATCHER_RESEND","0.1","TABLE","0"
"SYSNTN460O2EVQxuP69a5c4vNHg==","0.1","NESTED TABLE","-"
"SYSNTkKZWWan4SO6CXi72upUurg==","0.1","NESTED TABLE","-"
"SYSNTrQITMlagT9yoa6SuxyNniw==","0.1","NESTED TABLE","-"
"XSTREAM$_DDL_CONFLICT_HANDLER","0.1","TABLE","0"
"XSTREAM$_DML_CONFLICT_HANDLER","0.1","TABLE","0"
"APPLY$_CONSTRAINT_COLUMNS_IDX1","0.1","INDEX","-"
"APPLY$_CONSTRAINT_COLUMNS_UIX1","0.1","INDEX","-"
"AQ$_PROPAGATION_STATUS_PRIMARY","0.1","INDEX","-"
"AQ$_SCHEDULER$_REMDB_JOBQTAB_L","0.1","TABLE","0"
"AQ$_SCHEDULER$_REMDB_JOBQTAB_S","0.1","TABLE","1"
"AQ$_SCHEDULER_FILEWATCHER_QT_L","0.1","TABLE","0"
"AQ$_SCHEDULER_FILEWATCHER_QT_S","0.1","TABLE","1"
"I_FGR$_FILE_GROUP_EXPORT_INFO1","0.1","INDEX","-"
"I_XSTREAM_DML_CONFLICT_HANDLER","0.1","INDEX","-"
"RECENT_RESOURCE_INCARNATIONS$P","0.1","INDEX","-"
"REPCAT$_FLAVOR_OBJECTS_FK1_IDX","0.1","INDEX","-"
"REPCAT$_FLAVOR_OBJECTS_FK2_IDX","0.1","INDEX","-"
"REPCAT$_USER_AUTHORIZATIONS_N1","0.1","INDEX","-"
"REPCAT$_USER_AUTHORIZATIONS_PK","0.1","INDEX","-"
"REPCAT$_USER_AUTHORIZATIONS_U1","0.1","INDEX","-"
"RESOURCE_STORAGE_POOL_MAPPING$","0.1","TABLE","3"
"SCHEDULER$_FILEWATCHER_HISTORY","0.1","TABLE","0"
